[2025-10-10 21:16:11] [INFO] AdminController initialized 
[2025-10-10 21:16:11] [INFO] Admin dashboard accessed 
[2025-10-10 21:16:11] [INFO] User accessed admin dashboard {"user_id":"2","email":"tes1@yandex.ru","role":"admin"}
[2025-10-10 21:16:11] [INFO] Getting admin statistics 
[2025-10-10 21:16:11] [DEBUG] Fetching candidate statistics 
[2025-10-10 21:16:11] [DEBUG] Candidate stats {"total":"5","active":"5"}
[2025-10-10 21:16:11] [DEBUG] Fetching verification statistics 
[2025-10-10 21:16:11] [DEBUG] Fetching recent verifications with names 
[2025-10-10 21:16:11] [ERROR] Error getting admin stats {"message":"Ошибка выполнения запроса","file":"D:\\OpenServer\\shakha30\\alliance_service\\public_html\\php_interface\\db_conn.php","line":66}
[2025-10-10 21:16:11] [WARNING] Using fallback stats - database might be unavailable 
[2025-10-10 21:16:11] [DEBUG] Admin stats retrieved {"stats":{"total_candidates":0,"active_candidates":0,"total_verifications":0,"total_earnings":0,"recent_verifications":[],"total_hours":0,"total_orders":0,"unique_couriers":0,"recent_verifications_count":0}}
[2025-10-10 21:16:53] [INFO] AdminController initialized 
[2025-10-10 21:16:53] [INFO] Admin dashboard accessed 
[2025-10-10 21:16:53] [INFO] User accessed admin dashboard {"user_id":"2","email":"tes1@yandex.ru","role":"admin"}
[2025-10-10 21:16:53] [INFO] Getting admin statistics 
[2025-10-10 21:16:53] [DEBUG] Fetching candidate statistics 
[2025-10-10 21:16:53] [DEBUG] Candidate stats {"total":"5","active":"5"}
[2025-10-10 21:16:53] [DEBUG] Fetching verification statistics 
[2025-10-10 21:16:53] [DEBUG] Fetching recent verifications with names 
[2025-10-10 21:16:53] [DEBUG] Getting recent verifications with names {"limit":5}
[2025-10-10 21:16:53] [DEBUG] SQL query prepared {"sql":"SELECT \r\n                v.*, \r\n                c.full_name\r\n            FROM verification_data v\r\n            LEFT JOIN candidates c ON v.courier_id = c.courier_id\r\n            ORDER BY v.created_at DESC \r\n            LIMIT ?"}
[2025-10-10 21:16:53] [ERROR] Error in getRecentVerificationsWithNames {"message":"Ошибка выполнения запроса","limit":5}
[2025-10-10 21:16:53] [DEBUG] Recent verifications result {"count":0,"data":[]}
[2025-10-10 21:16:53] [INFO] Admin statistics retrieved successfully {"stats_summary":{"candidates":"5","verifications":5,"earnings":"202200.00"}}
[2025-10-10 21:16:53] [DEBUG] Admin stats retrieved {"stats":{"total_candidates":"5","active_candidates":"5","total_verifications":5,"total_earnings":"202200.00","recent_verifications":[],"total_hours":"559.00","total_orders":"384","unique_couriers":"4","recent_verifications_count":"5"}}
[2025-10-10 21:17:26] [INFO] AdminController initialized 
[2025-10-10 21:17:26] [INFO] Admin dashboard accessed 
[2025-10-10 21:17:26] [INFO] User accessed admin dashboard {"user_id":"2","email":"tes1@yandex.ru","role":"admin"}
[2025-10-10 21:17:26] [INFO] Getting admin statistics 
[2025-10-10 21:17:26] [DEBUG] Fetching candidate statistics 
[2025-10-10 21:17:26] [DEBUG] Candidate stats {"total":"5","active":"5"}
[2025-10-10 21:17:26] [DEBUG] Fetching verification statistics 
[2025-10-10 21:17:26] [DEBUG] Fetching recent verifications with names 
[2025-10-10 21:17:26] [DEBUG] Getting recent verifications with names {"limit":5}
[2025-10-10 21:17:26] [DEBUG] SQL query prepared {"sql":"SELECT \r\n                v.*, \r\n                c.full_name\r\n            FROM verification_data v\r\n            LEFT JOIN candidates c ON v.courier_id = c.courier_id\r\n            ORDER BY v.created_at DESC \r\n            LIMIT ?"}
[2025-10-10 21:17:26] [ERROR] Error in getRecentVerificationsWithNames {"message":"Ошибка выполнения запроса","limit":5}
[2025-10-10 21:17:26] [DEBUG] Recent verifications result {"count":0,"data":[]}
[2025-10-10 21:17:26] [INFO] Admin statistics retrieved successfully {"stats_summary":{"candidates":"5","verifications":5,"earnings":"202200.00"}}
[2025-10-10 21:17:26] [DEBUG] Admin stats retrieved {"stats":{"total_candidates":"5","active_candidates":"5","total_verifications":5,"total_earnings":"202200.00","recent_verifications":[],"total_hours":"559.00","total_orders":"384","unique_couriers":"4","recent_verifications_count":"5"}}
[2025-10-10 21:17:33] [INFO] AdminController initialized 
[2025-10-10 21:17:33] [INFO] Admin dashboard accessed 
[2025-10-10 21:17:33] [INFO] User accessed admin dashboard {"user_id":"2","email":"tes1@yandex.ru","role":"admin"}
[2025-10-10 21:17:33] [INFO] Getting admin statistics 
[2025-10-10 21:17:33] [DEBUG] Fetching candidate statistics 
[2025-10-10 21:17:33] [DEBUG] Candidate stats {"total":"5","active":"5"}
[2025-10-10 21:17:33] [DEBUG] Fetching verification statistics 
[2025-10-10 21:17:33] [DEBUG] Fetching recent verifications with names 
[2025-10-10 21:17:33] [DEBUG] Getting recent verifications with names {"limit":5}
[2025-10-10 21:17:33] [DEBUG] SQL query prepared {"sql":"SELECT \r\n                v.*, \r\n                c.full_name\r\n            FROM verification_data v\r\n            LEFT JOIN candidates c ON v.courier_id = c.courier_id\r\n            ORDER BY v.created_at DESC \r\n            LIMIT ?"}
[2025-10-10 21:17:33] [ERROR] Error in getRecentVerificationsWithNames {"message":"Ошибка выполнения запроса","limit":5}
[2025-10-10 21:17:33] [DEBUG] Recent verifications result {"count":0,"data":[]}
[2025-10-10 21:17:33] [INFO] Admin statistics retrieved successfully {"stats_summary":{"candidates":"5","verifications":5,"earnings":"202200.00"}}
[2025-10-10 21:17:33] [DEBUG] Admin stats retrieved {"stats":{"total_candidates":"5","active_candidates":"5","total_verifications":5,"total_earnings":"202200.00","recent_verifications":[],"total_hours":"559.00","total_orders":"384","unique_couriers":"4","recent_verifications_count":"5"}}
[2025-10-10 21:17:46] [INFO] AdminController initialized 
[2025-10-10 21:17:46] [INFO] Admin dashboard accessed 
[2025-10-10 21:17:46] [INFO] User accessed admin dashboard {"user_id":"2","email":"tes1@yandex.ru","role":"admin"}
[2025-10-10 21:17:46] [INFO] Getting admin statistics 
[2025-10-10 21:17:46] [DEBUG] Fetching candidate statistics 
[2025-10-10 21:17:46] [DEBUG] Candidate stats {"total":"5","active":"5"}
[2025-10-10 21:17:46] [DEBUG] Fetching verification statistics 
[2025-10-10 21:17:46] [DEBUG] Fetching recent verifications with names 
[2025-10-10 21:17:46] [DEBUG] Getting recent verifications with names {"limit":5}
[2025-10-10 21:17:46] [DEBUG] SQL query prepared {"sql":"SELECT \r\n                v.*, \r\n                c.full_name\r\n            FROM verification_data v\r\n            LEFT JOIN candidates c ON v.courier_id = c.courier_id\r\n            ORDER BY v.created_at DESC \r\n            LIMIT ?"}
[2025-10-10 21:17:46] [ERROR] Error in getRecentVerificationsWithNames {"message":"Ошибка выполнения запроса","limit":5}
[2025-10-10 21:17:46] [DEBUG] Recent verifications result {"count":0,"data":[]}
[2025-10-10 21:17:46] [INFO] Admin statistics retrieved successfully {"stats_summary":{"candidates":"5","verifications":5,"earnings":"202200.00"}}
[2025-10-10 21:17:46] [DEBUG] Admin stats retrieved {"stats":{"total_candidates":"5","active_candidates":"5","total_verifications":5,"total_earnings":"202200.00","recent_verifications":[],"total_hours":"559.00","total_orders":"384","unique_couriers":"4","recent_verifications_count":"5"}}
[2025-10-10 21:18:04] [INFO] AdminController initialized 
[2025-10-10 21:18:04] [INFO] Admin dashboard accessed 
[2025-10-10 21:18:04] [INFO] User accessed admin dashboard {"user_id":"2","email":"tes1@yandex.ru","role":"admin"}
[2025-10-10 21:18:04] [INFO] Getting admin statistics 
[2025-10-10 21:18:04] [DEBUG] Fetching candidate statistics 
[2025-10-10 21:18:04] [DEBUG] Candidate stats {"total":"5","active":"5"}
[2025-10-10 21:18:04] [DEBUG] Fetching verification statistics 
[2025-10-10 21:18:04] [DEBUG] Fetching recent verifications with names 
[2025-10-10 21:18:04] [DEBUG] Getting recent verifications with names {"limit":5}
[2025-10-10 21:18:04] [DEBUG] SQL query prepared {"sql":"SELECT \r\n                v.*, \r\n                c.full_name\r\n            FROM verification_data v\r\n            LEFT JOIN candidates c ON v.courier_id = c.courier_id\r\n            ORDER BY v.created_at DESC \r\n            LIMIT ?"}
[2025-10-10 21:18:04] [ERROR] Error in getRecentVerificationsWithNames {"message":"Ошибка выполнения запроса","limit":5}
[2025-10-10 21:18:04] [DEBUG] Recent verifications result {"count":0,"data":[]}
[2025-10-10 21:18:05] [INFO] Admin statistics retrieved successfully {"stats_summary":{"candidates":"5","verifications":5,"earnings":"202200.00"}}
[2025-10-10 21:18:05] [DEBUG] Admin stats retrieved {"stats":{"total_candidates":"5","active_candidates":"5","total_verifications":5,"total_earnings":"202200.00","recent_verifications":[],"total_hours":"559.00","total_orders":"384","unique_couriers":"4","recent_verifications_count":"5"}}
[2025-10-10 21:18:12] [INFO] AdminController initialized 
[2025-10-10 21:18:12] [INFO] Admin dashboard accessed 
[2025-10-10 21:18:12] [INFO] User accessed admin dashboard {"user_id":"2","email":"tes1@yandex.ru","role":"admin"}
[2025-10-10 21:18:12] [INFO] Getting admin statistics 
[2025-10-10 21:18:12] [DEBUG] Fetching candidate statistics 
[2025-10-10 21:18:12] [DEBUG] Candidate stats {"total":"5","active":"5"}
[2025-10-10 21:18:12] [DEBUG] Fetching verification statistics 
[2025-10-10 21:18:12] [DEBUG] Fetching recent verifications with names 
[2025-10-10 21:18:12] [DEBUG] Getting recent verifications with names {"limit":5}
[2025-10-10 21:18:12] [DEBUG] SQL query prepared {"sql":"SELECT \r\n                v.*, \r\n                c.full_name\r\n            FROM verification_data v\r\n            LEFT JOIN candidates c ON v.courier_id = c.courier_id\r\n            ORDER BY v.created_at DESC \r\n            LIMIT ?"}
[2025-10-10 21:18:12] [ERROR] Error in getRecentVerificationsWithNames {"message":"Ошибка выполнения запроса","limit":5}
[2025-10-10 21:18:12] [DEBUG] Recent verifications result {"count":0,"data":[]}
[2025-10-10 21:18:12] [INFO] Admin statistics retrieved successfully {"stats_summary":{"candidates":"5","verifications":5,"earnings":"202200.00"}}
[2025-10-10 21:18:12] [DEBUG] Admin stats retrieved {"stats":{"total_candidates":"5","active_candidates":"5","total_verifications":5,"total_earnings":"202200.00","recent_verifications":[],"total_hours":"559.00","total_orders":"384","unique_couriers":"4","recent_verifications_count":"5"}}
[2025-10-10 21:18:22] [INFO] AdminController initialized 
[2025-10-10 21:18:22] [INFO] Admin dashboard accessed 
[2025-10-10 21:18:22] [INFO] User accessed admin dashboard {"user_id":"2","email":"tes1@yandex.ru","role":"admin"}
[2025-10-10 21:18:22] [INFO] Getting admin statistics 
[2025-10-10 21:18:22] [DEBUG] Fetching candidate statistics 
[2025-10-10 21:18:22] [DEBUG] Candidate stats {"total":"5","active":"5"}
[2025-10-10 21:18:22] [DEBUG] Fetching verification statistics 
[2025-10-10 21:18:22] [DEBUG] Fetching recent verifications with names 
[2025-10-10 21:18:22] [DEBUG] Getting recent verifications with names {"limit":5}
[2025-10-10 21:18:22] [DEBUG] SQL query prepared {"sql":"SELECT \r\n                v.*, \r\n                c.full_name\r\n            FROM verification_data v\r\n            LEFT JOIN candidates c ON v.courier_id = c.courier_id\r\n            ORDER BY v.created_at DESC \r\n            LIMIT ?"}
[2025-10-10 21:18:22] [ERROR] Error in getRecentVerificationsWithNames {"message":"Ошибка выполнения запроса","limit":5}
[2025-10-10 21:18:22] [DEBUG] Recent verifications result {"count":0,"data":[]}
[2025-10-10 21:18:22] [INFO] Admin statistics retrieved successfully {"stats_summary":{"candidates":"5","verifications":5,"earnings":"202200.00"}}
[2025-10-10 21:18:22] [DEBUG] Admin stats retrieved {"stats":{"total_candidates":"5","active_candidates":"5","total_verifications":5,"total_earnings":"202200.00","recent_verifications":[],"total_hours":"559.00","total_orders":"384","unique_couriers":"4","recent_verifications_count":"5"}}
[2025-10-10 21:18:31] [INFO] AdminController initialized 
[2025-10-10 21:18:31] [INFO] Admin dashboard accessed 
[2025-10-10 21:18:31] [INFO] User accessed admin dashboard {"user_id":"2","email":"tes1@yandex.ru","role":"admin"}
[2025-10-10 21:18:31] [INFO] Getting admin statistics 
[2025-10-10 21:18:31] [DEBUG] Fetching candidate statistics 
[2025-10-10 21:18:31] [DEBUG] Candidate stats {"total":"5","active":"5"}
[2025-10-10 21:18:31] [DEBUG] Fetching verification statistics 
[2025-10-10 21:18:31] [DEBUG] Fetching recent verifications with names 
[2025-10-10 21:18:31] [DEBUG] Getting recent verifications with names {"limit":5}
[2025-10-10 21:18:31] [DEBUG] SQL query prepared {"sql":"SELECT \r\n                v.*, \r\n                c.full_name\r\n            FROM verification_data v\r\n            LEFT JOIN candidates c ON v.courier_id = c.courier_id\r\n            ORDER BY v.created_at DESC \r\n            LIMIT ?"}
[2025-10-10 21:18:31] [ERROR] Error in getRecentVerificationsWithNames {"message":"Ошибка выполнения запроса","limit":5}
[2025-10-10 21:18:31] [DEBUG] Recent verifications result {"count":0,"data":[]}
[2025-10-10 21:18:31] [INFO] Admin statistics retrieved successfully {"stats_summary":{"candidates":"5","verifications":5,"earnings":"202200.00"}}
[2025-10-10 21:18:31] [DEBUG] Admin stats retrieved {"stats":{"total_candidates":"5","active_candidates":"5","total_verifications":5,"total_earnings":"202200.00","recent_verifications":[],"total_hours":"559.00","total_orders":"384","unique_couriers":"4","recent_verifications_count":"5"}}
[2025-10-10 21:18:54] [INFO] AdminController initialized 
[2025-10-10 21:18:54] [INFO] Admin dashboard accessed 
[2025-10-10 21:18:54] [INFO] User accessed admin dashboard {"user_id":"2","email":"tes1@yandex.ru","role":"admin"}
[2025-10-10 21:18:54] [INFO] Getting admin statistics 
[2025-10-10 21:18:54] [DEBUG] Fetching candidate statistics 
[2025-10-10 21:18:54] [DEBUG] Candidate stats {"total":"5","active":"5"}
[2025-10-10 21:18:54] [DEBUG] Fetching verification statistics 
[2025-10-10 21:18:54] [DEBUG] Fetching recent verifications with names 
[2025-10-10 21:18:54] [DEBUG] Getting recent verifications with names {"limit":5}
[2025-10-10 21:18:54] [DEBUG] SQL query prepared {"sql":"SELECT \r\n                v.*, \r\n                c.full_name\r\n            FROM verification_data v\r\n            LEFT JOIN candidates c ON v.courier_id = c.courier_id\r\n            ORDER BY v.created_at DESC \r\n            LIMIT ?"}
[2025-10-10 21:18:54] [ERROR] Error in getRecentVerificationsWithNames {"message":"Ошибка выполнения запроса","limit":5}
[2025-10-10 21:18:54] [DEBUG] Recent verifications result {"count":0,"data":[]}
[2025-10-10 21:18:54] [INFO] Admin statistics retrieved successfully {"stats_summary":{"candidates":"5","verifications":5,"earnings":"202200.00"}}
[2025-10-10 21:18:54] [DEBUG] Admin stats retrieved {"stats":{"total_candidates":"5","active_candidates":"5","total_verifications":5,"total_earnings":"202200.00","recent_verifications":[],"total_hours":"559.00","total_orders":"384","unique_couriers":"4","recent_verifications_count":"5"}}
[2025-10-10 21:19:08] [INFO] AdminController initialized 
[2025-10-10 21:19:08] [INFO] Admin dashboard accessed 
[2025-10-10 21:19:08] [INFO] User accessed admin dashboard {"user_id":"2","email":"tes1@yandex.ru","role":"admin"}
[2025-10-10 21:19:08] [INFO] Getting admin statistics 
[2025-10-10 21:19:08] [DEBUG] Fetching candidate statistics 
[2025-10-10 21:19:08] [DEBUG] Candidate stats {"total":"5","active":"5"}
[2025-10-10 21:19:08] [DEBUG] Fetching verification statistics 
[2025-10-10 21:19:08] [DEBUG] Fetching recent verifications with names 
[2025-10-10 21:19:08] [DEBUG] Getting recent verifications with names {"limit":5}
[2025-10-10 21:19:08] [DEBUG] SQL query prepared {"sql":"SELECT \r\n                v.*, \r\n                c.full_name\r\n            FROM verification_data v\r\n            LEFT JOIN candidates c ON v.courier_id = c.courier_id\r\n            ORDER BY v.created_at DESC \r\n            LIMIT ?"}
[2025-10-10 21:19:08] [ERROR] Error in getRecentVerificationsWithNames {"message":"Ошибка выполнения запроса","limit":5}
[2025-10-10 21:19:08] [DEBUG] Recent verifications result {"count":0,"data":[]}
[2025-10-10 21:19:08] [INFO] Admin statistics retrieved successfully {"stats_summary":{"candidates":"5","verifications":5,"earnings":"202200.00"}}
[2025-10-10 21:19:08] [DEBUG] Admin stats retrieved {"stats":{"total_candidates":"5","active_candidates":"5","total_verifications":5,"total_earnings":"202200.00","recent_verifications":[],"total_hours":"559.00","total_orders":"384","unique_couriers":"4","recent_verifications_count":"5"}}
[2025-10-10 22:08:37] [INFO] AdminController initialized 
[2025-10-10 22:08:37] [INFO] Admin dashboard accessed 
[2025-10-10 22:08:37] [INFO] User accessed admin dashboard {"user_id":"2","email":"tes1@yandex.ru","role":"admin"}
[2025-10-10 22:08:37] [INFO] Getting admin statistics 
[2025-10-10 22:08:37] [DEBUG] Fetching candidate statistics 
[2025-10-10 22:08:37] [DEBUG] Candidate stats {"total":"5","active":"5"}
[2025-10-10 22:08:37] [DEBUG] Fetching verification statistics 
[2025-10-10 22:08:37] [DEBUG] Fetching recent verifications with names 
[2025-10-10 22:08:37] [DEBUG] Getting recent verifications with names {"limit":5}
[2025-10-10 22:08:37] [DEBUG] SQL query prepared {"sql":"SELECT \r\n                v.*, \r\n                c.full_name\r\n            FROM verification_data v\r\n            LEFT JOIN candidates c ON v.courier_id = c.courier_id\r\n            ORDER BY v.created_at DESC \r\n            LIMIT ?"}
[2025-10-10 22:08:37] [ERROR] Error in getRecentVerificationsWithNames {"message":"Ошибка выполнения запроса","limit":5}
[2025-10-10 22:08:37] [DEBUG] Recent verifications result {"count":0,"data":[]}
[2025-10-10 22:08:37] [INFO] Admin statistics retrieved successfully {"stats_summary":{"candidates":"5","verifications":5,"earnings":"202200.00"}}
[2025-10-10 22:08:37] [DEBUG] Admin stats retrieved {"stats":{"total_candidates":"5","active_candidates":"5","total_verifications":5,"total_earnings":"202200.00","recent_verifications":[],"total_hours":"559.00","total_orders":"384","unique_couriers":"4","recent_verifications_count":"5"}}
[2025-10-10 22:10:16] [INFO] AdminController initialized 
[2025-10-10 22:10:16] [INFO] Admin dashboard accessed 
[2025-10-10 22:10:16] [INFO] User accessed admin dashboard {"user_id":"2","email":"tes1@yandex.ru","role":"admin"}
[2025-10-10 22:10:16] [INFO] Getting admin statistics 
[2025-10-10 22:10:16] [DEBUG] Fetching candidate statistics 
[2025-10-10 22:10:16] [DEBUG] Candidate stats {"total":"5","active":"5"}
[2025-10-10 22:10:16] [DEBUG] Fetching verification statistics 
[2025-10-10 22:10:16] [DEBUG] Fetching recent verifications with names 
[2025-10-10 22:10:16] [DEBUG] Getting recent verifications with names {"limit":5}
[2025-10-10 22:10:16] [DEBUG] SQL query prepared {"sql":"SELECT \r\n                v.*, \r\n                c.full_name\r\n            FROM verification_data v\r\n            LEFT JOIN candidates c ON v.courier_id = c.courier_id\r\n            ORDER BY v.created_at DESC \r\n            LIMIT ?"}
[2025-10-10 22:10:16] [ERROR] Error in getRecentVerificationsWithNames {"message":"Ошибка выполнения запроса","limit":5}
[2025-10-10 22:10:16] [DEBUG] Recent verifications result {"count":0,"data":[]}
[2025-10-10 22:10:16] [INFO] Admin statistics retrieved successfully {"stats_summary":{"candidates":"5","verifications":5,"earnings":"202200.00"}}
[2025-10-10 22:10:16] [DEBUG] Admin stats retrieved {"stats":{"total_candidates":"5","active_candidates":"5","total_verifications":5,"total_earnings":"202200.00","recent_verifications":[],"total_hours":"559.00","total_orders":"384","unique_couriers":"4","recent_verifications_count":"5"}}
[2025-10-10 22:10:49] [INFO] AdminController initialized 
[2025-10-10 22:10:49] [INFO] Admin dashboard accessed 
[2025-10-10 22:10:49] [INFO] User accessed admin dashboard {"user_id":"2","email":"tes1@yandex.ru","role":"admin"}
[2025-10-10 22:10:49] [INFO] Getting admin statistics 
[2025-10-10 22:10:49] [DEBUG] Fetching candidate statistics 
[2025-10-10 22:10:49] [DEBUG] Candidate stats {"total":"5","active":"5"}
[2025-10-10 22:10:49] [DEBUG] Fetching verification statistics 
[2025-10-10 22:10:49] [DEBUG] Fetching recent verifications with names 
[2025-10-10 22:10:49] [DEBUG] Getting recent verifications with names {"limit":5}
[2025-10-10 22:10:49] [DEBUG] SQL query prepared {"sql":"SELECT \r\n                v.*, \r\n                c.full_name\r\n            FROM verification_data v\r\n            LEFT JOIN candidates c ON v.courier_id = c.courier_id\r\n            ORDER BY v.created_at DESC \r\n            LIMIT ?"}
[2025-10-10 22:10:49] [ERROR] Error in getRecentVerificationsWithNames {"message":"Ошибка выполнения запроса","limit":5}
[2025-10-10 22:10:49] [DEBUG] Recent verifications result {"count":0,"data":[]}
[2025-10-10 22:10:49] [INFO] Admin statistics retrieved successfully {"stats_summary":{"candidates":"5","verifications":5,"earnings":"202200.00"}}
[2025-10-10 22:10:49] [DEBUG] Admin stats retrieved {"stats":{"total_candidates":"5","active_candidates":"5","total_verifications":5,"total_earnings":"202200.00","recent_verifications":[],"total_hours":"559.00","total_orders":"384","unique_couriers":"4","recent_verifications_count":"5"}}
[2025-10-10 22:10:51] [INFO] AdminController initialized 
[2025-10-10 22:10:51] [INFO] Admin dashboard accessed 
[2025-10-10 22:10:51] [INFO] User accessed admin dashboard {"user_id":"2","email":"tes1@yandex.ru","role":"admin"}
[2025-10-10 22:10:51] [INFO] Getting admin statistics 
[2025-10-10 22:10:51] [DEBUG] Fetching candidate statistics 
[2025-10-10 22:10:51] [DEBUG] Candidate stats {"total":"5","active":"5"}
[2025-10-10 22:10:51] [DEBUG] Fetching verification statistics 
[2025-10-10 22:10:51] [DEBUG] Fetching recent verifications with names 
[2025-10-10 22:10:51] [DEBUG] Getting recent verifications with names {"limit":5}
[2025-10-10 22:10:51] [DEBUG] SQL query prepared {"sql":"SELECT \r\n                v.*, \r\n                c.full_name\r\n            FROM verification_data v\r\n            LEFT JOIN candidates c ON v.courier_id = c.courier_id\r\n            ORDER BY v.created_at DESC \r\n            LIMIT ?"}
[2025-10-10 22:10:51] [ERROR] Error in getRecentVerificationsWithNames {"message":"Ошибка выполнения запроса","limit":5}
[2025-10-10 22:10:51] [DEBUG] Recent verifications result {"count":0,"data":[]}
[2025-10-10 22:10:51] [INFO] Admin statistics retrieved successfully {"stats_summary":{"candidates":"5","verifications":5,"earnings":"202200.00"}}
[2025-10-10 22:10:51] [DEBUG] Admin stats retrieved {"stats":{"total_candidates":"5","active_candidates":"5","total_verifications":5,"total_earnings":"202200.00","recent_verifications":[],"total_hours":"559.00","total_orders":"384","unique_couriers":"4","recent_verifications_count":"5"}}
[2025-10-10 22:16:54] [INFO] AdminController initialized 
[2025-10-10 22:16:54] [INFO] Admin dashboard accessed 
[2025-10-10 22:16:54] [INFO] User accessed admin dashboard {"user_id":"2","email":"tes1@yandex.ru","role":"admin"}
[2025-10-10 22:16:54] [INFO] Getting admin statistics 
[2025-10-10 22:16:54] [DEBUG] Fetching candidate statistics 
[2025-10-10 22:16:54] [DEBUG] Candidate stats {"total":"5","active":"5"}
[2025-10-10 22:16:54] [DEBUG] Fetching verification statistics 
[2025-10-10 22:16:54] [DEBUG] Fetching recent verifications with names 
[2025-10-10 22:16:54] [DEBUG] Getting recent verifications with names {"limit":5}
[2025-10-10 22:16:54] [DEBUG] SQL query prepared {"sql":"SELECT \r\n                v.*, \r\n                c.full_name\r\n            FROM verification_data v\r\n            LEFT JOIN candidates c ON v.courier_id = c.courier_id\r\n            ORDER BY v.created_at DESC \r\n            LIMIT ?"}
[2025-10-10 22:16:54] [ERROR] Error in getRecentVerificationsWithNames {"message":"Ошибка выполнения запроса","limit":5}
[2025-10-10 22:16:54] [DEBUG] Recent verifications result {"count":0,"data":[]}
[2025-10-10 22:16:54] [INFO] Admin statistics retrieved successfully {"stats_summary":{"candidates":"5","verifications":5,"earnings":"202200.00"}}
[2025-10-10 22:16:54] [DEBUG] Admin stats retrieved {"stats":{"total_candidates":"5","active_candidates":"5","total_verifications":5,"total_earnings":"202200.00","recent_verifications":[],"total_hours":"559.00","total_orders":"384","unique_couriers":"4","recent_verifications_count":"5"}}
[2025-10-10 22:17:11] [INFO] AdminController initialized 
[2025-10-10 22:17:11] [INFO] Admin dashboard accessed 
[2025-10-10 22:17:11] [INFO] User accessed admin dashboard {"user_id":"2","email":"tes1@yandex.ru","role":"admin"}
[2025-10-10 22:17:11] [INFO] Getting admin statistics 
[2025-10-10 22:17:11] [DEBUG] Fetching candidate statistics 
[2025-10-10 22:17:11] [DEBUG] Candidate stats {"total":"5","active":"5"}
[2025-10-10 22:17:11] [DEBUG] Fetching verification statistics 
[2025-10-10 22:17:11] [DEBUG] Fetching recent verifications with names 
[2025-10-10 22:17:11] [DEBUG] Getting recent verifications with names {"limit":5}
[2025-10-10 22:17:11] [DEBUG] SQL query prepared {"sql":"SELECT \r\n                v.*, \r\n                c.full_name\r\n            FROM verification_data v\r\n            LEFT JOIN candidates c ON v.courier_id = c.courier_id\r\n            ORDER BY v.created_at DESC \r\n            LIMIT ?"}
[2025-10-10 22:17:11] [ERROR] Error in getRecentVerificationsWithNames {"message":"Ошибка выполнения запроса","limit":5}
[2025-10-10 22:17:11] [DEBUG] Recent verifications result {"count":0,"data":[]}
[2025-10-10 22:17:11] [INFO] Admin statistics retrieved successfully {"stats_summary":{"candidates":"5","verifications":5,"earnings":"202200.00"}}
[2025-10-10 22:17:11] [DEBUG] Admin stats retrieved {"stats":{"total_candidates":"5","active_candidates":"5","total_verifications":5,"total_earnings":"202200.00","recent_verifications":[],"total_hours":"559.00","total_orders":"384","unique_couriers":"4","recent_verifications_count":"5"}}
[2025-10-11 14:18:33] [INFO] AdminController initialized 
[2025-10-11 14:18:33] [INFO] Admin dashboard accessed 
[2025-10-11 14:18:33] [INFO] User accessed admin dashboard {"user_id":"2","email":"tes1@yandex.ru","role":"admin"}
[2025-10-11 14:18:33] [INFO] Getting admin statistics 
[2025-10-11 14:18:33] [DEBUG] Fetching candidate statistics 
[2025-10-11 14:18:33] [DEBUG] Candidate stats {"total":"5","active":"5"}
[2025-10-11 14:18:33] [DEBUG] Fetching verification statistics 
[2025-10-11 14:18:33] [DEBUG] Fetching recent verifications with names 
[2025-10-11 14:18:33] [DEBUG] Getting recent verifications with names {"limit":5}
[2025-10-11 14:18:33] [DEBUG] SQL query prepared {"sql":"SELECT \r\n                v.*, \r\n                c.full_name\r\n            FROM verification_data v\r\n            LEFT JOIN candidates c ON v.courier_id = c.courier_id\r\n            ORDER BY v.created_at DESC \r\n            LIMIT ?"}
[2025-10-11 14:18:33] [ERROR] Error in getRecentVerificationsWithNames {"message":"Ошибка выполнения запроса","limit":5}
[2025-10-11 14:18:33] [DEBUG] Recent verifications result {"count":0,"data":[]}
[2025-10-11 14:18:33] [INFO] Admin statistics retrieved successfully {"stats_summary":{"candidates":"5","verifications":5,"earnings":"202200.00"}}
[2025-10-11 14:18:33] [DEBUG] Admin stats retrieved {"stats":{"total_candidates":"5","active_candidates":"5","total_verifications":5,"total_earnings":"202200.00","recent_verifications":[],"total_hours":"559.00","total_orders":"384","unique_couriers":"4","recent_verifications_count":"5"}}
[2025-10-11 15:53:04] [INFO] AdminController initialized 
[2025-10-11 15:53:04] [INFO] Admin dashboard accessed 
[2025-10-11 15:53:04] [INFO] User accessed admin dashboard {"user_id":"2","email":"tes1@yandex.ru","role":"admin"}
[2025-10-11 15:53:04] [INFO] Getting admin statistics 
[2025-10-11 15:53:04] [DEBUG] Fetching candidate statistics 
[2025-10-11 15:53:04] [DEBUG] Candidate stats {"total":"5","active":"5"}
[2025-10-11 15:53:04] [DEBUG] Fetching verification statistics 
[2025-10-11 15:53:04] [DEBUG] Fetching recent verifications with names 
[2025-10-11 15:53:04] [DEBUG] Getting recent verifications with names {"limit":5}
[2025-10-11 15:53:04] [DEBUG] SQL query prepared {"sql":"SELECT \r\n                v.*, \r\n                c.full_name\r\n            FROM verification_data v\r\n            LEFT JOIN candidates c ON v.courier_id = c.courier_id\r\n            ORDER BY v.created_at DESC \r\n            LIMIT ?"}
[2025-10-11 15:53:04] [ERROR] Error in getRecentVerificationsWithNames {"message":"Ошибка выполнения запроса","limit":5}
[2025-10-11 15:53:04] [DEBUG] Recent verifications result {"count":0,"data":[]}
[2025-10-11 15:53:04] [INFO] Admin statistics retrieved successfully {"stats_summary":{"candidates":"5","verifications":5,"earnings":"202200.00"}}
[2025-10-11 15:53:04] [DEBUG] Admin stats retrieved {"stats":{"total_candidates":"5","active_candidates":"5","total_verifications":5,"total_earnings":"202200.00","recent_verifications":[],"total_hours":"559.00","total_orders":"384","unique_couriers":"4","recent_verifications_count":"5"}}
[2025-10-11 15:53:15] [INFO] AdminController initialized 
[2025-10-11 15:53:15] [INFO] Admin dashboard accessed 
[2025-10-11 15:53:15] [INFO] User accessed admin dashboard {"user_id":"2","email":"tes1@yandex.ru","role":"admin"}
[2025-10-11 15:53:15] [INFO] Getting admin statistics 
[2025-10-11 15:53:15] [DEBUG] Fetching candidate statistics 
[2025-10-11 15:53:15] [DEBUG] Candidate stats {"total":"5","active":"5"}
[2025-10-11 15:53:15] [DEBUG] Fetching verification statistics 
[2025-10-11 15:53:15] [DEBUG] Fetching recent verifications with names 
[2025-10-11 15:53:15] [DEBUG] Getting recent verifications with names {"limit":5}
[2025-10-11 15:53:15] [DEBUG] SQL query prepared {"sql":"SELECT \r\n                v.*, \r\n                c.full_name\r\n            FROM verification_data v\r\n            LEFT JOIN candidates c ON v.courier_id = c.courier_id\r\n            ORDER BY v.created_at DESC \r\n            LIMIT ?"}
[2025-10-11 15:53:15] [ERROR] Error in getRecentVerificationsWithNames {"message":"Ошибка выполнения запроса","limit":5}
[2025-10-11 15:53:15] [DEBUG] Recent verifications result {"count":0,"data":[]}
[2025-10-11 15:53:15] [INFO] Admin statistics retrieved successfully {"stats_summary":{"candidates":"5","verifications":5,"earnings":"202200.00"}}
[2025-10-11 15:53:15] [DEBUG] Admin stats retrieved {"stats":{"total_candidates":"5","active_candidates":"5","total_verifications":5,"total_earnings":"202200.00","recent_verifications":[],"total_hours":"559.00","total_orders":"384","unique_couriers":"4","recent_verifications_count":"5"}}
[2025-10-11 15:54:50] [INFO] AdminController initialized 
[2025-10-11 15:54:50] [INFO] Admin dashboard accessed 
[2025-10-11 15:54:50] [INFO] User accessed admin dashboard {"user_id":"2","email":"tes1@yandex.ru","role":"admin"}
[2025-10-11 15:54:50] [INFO] Getting admin statistics 
[2025-10-11 15:54:50] [DEBUG] Fetching candidate statistics 
[2025-10-11 15:54:50] [DEBUG] Candidate stats {"total":"5","active":"5"}
[2025-10-11 15:54:50] [DEBUG] Fetching verification statistics 
[2025-10-11 15:54:50] [DEBUG] Fetching recent verifications with names 
[2025-10-11 15:54:50] [DEBUG] Getting recent verifications with names {"limit":5}
[2025-10-11 15:54:50] [DEBUG] SQL query prepared {"sql":"SELECT \r\n                v.*, \r\n                c.full_name\r\n            FROM verification_data v\r\n            LEFT JOIN candidates c ON v.courier_id = c.courier_id\r\n            ORDER BY v.created_at DESC \r\n            LIMIT ?"}
[2025-10-11 15:54:50] [ERROR] Error in getRecentVerificationsWithNames {"message":"Ошибка выполнения запроса","limit":5}
[2025-10-11 15:54:50] [DEBUG] Recent verifications result {"count":0,"data":[]}
[2025-10-11 15:54:50] [INFO] Admin statistics retrieved successfully {"stats_summary":{"candidates":"5","verifications":5,"earnings":"202200.00"}}
[2025-10-11 15:54:50] [DEBUG] Admin stats retrieved {"stats":{"total_candidates":"5","active_candidates":"5","total_verifications":5,"total_earnings":"202200.00","recent_verifications":[],"total_hours":"559.00","total_orders":"384","unique_couriers":"4","recent_verifications_count":"5"}}
[2025-10-11 15:55:04] [INFO] AdminController initialized 
[2025-10-11 15:55:04] [INFO] Admin dashboard accessed 
[2025-10-11 15:55:04] [INFO] User accessed admin dashboard {"user_id":"2","email":"tes1@yandex.ru","role":"admin"}
[2025-10-11 15:55:04] [INFO] Getting admin statistics 
[2025-10-11 15:55:04] [DEBUG] Fetching candidate statistics 
[2025-10-11 15:55:04] [DEBUG] Candidate stats {"total":"5","active":"5"}
[2025-10-11 15:55:04] [DEBUG] Fetching verification statistics 
[2025-10-11 15:55:04] [DEBUG] Fetching recent verifications with names 
[2025-10-11 15:55:04] [DEBUG] Getting recent verifications with names {"limit":5}
[2025-10-11 15:55:04] [DEBUG] SQL query prepared {"sql":"SELECT \r\n                v.*, \r\n                c.full_name\r\n            FROM verification_data v\r\n            LEFT JOIN candidates c ON v.courier_id = c.courier_id\r\n            ORDER BY v.created_at DESC \r\n            LIMIT ?"}
[2025-10-11 15:55:04] [ERROR] Error in getRecentVerificationsWithNames {"message":"Ошибка выполнения запроса","limit":5}
[2025-10-11 15:55:04] [DEBUG] Recent verifications result {"count":0,"data":[]}
[2025-10-11 15:55:04] [INFO] Admin statistics retrieved successfully {"stats_summary":{"candidates":"5","verifications":5,"earnings":"202200.00"}}
[2025-10-11 15:55:04] [DEBUG] Admin stats retrieved {"stats":{"total_candidates":"5","active_candidates":"5","total_verifications":5,"total_earnings":"202200.00","recent_verifications":[],"total_hours":"559.00","total_orders":"384","unique_couriers":"4","recent_verifications_count":"5"}}
[2025-10-11 17:52:27] [INFO] AdminController initialized 
[2025-10-11 17:52:27] [INFO] Admin dashboard accessed 
[2025-10-11 17:52:27] [INFO] User accessed admin dashboard {"user_id":"2","email":"tes1@yandex.ru","role":"admin"}
[2025-10-11 17:52:27] [INFO] Getting admin statistics 
[2025-10-11 17:52:27] [DEBUG] Fetching candidate statistics 
[2025-10-11 17:52:27] [DEBUG] Candidate stats {"total":"5","active":"5"}
[2025-10-11 17:52:27] [DEBUG] Fetching verification statistics 
[2025-10-11 17:52:27] [DEBUG] Fetching recent verifications with names 
[2025-10-11 17:52:27] [DEBUG] Getting recent verifications with names {"limit":5}
[2025-10-11 17:52:27] [DEBUG] SQL query prepared {"sql":"SELECT \r\n                v.*, \r\n                c.full_name\r\n            FROM verification_data v\r\n            LEFT JOIN candidates c ON v.courier_id = c.courier_id\r\n            ORDER BY v.created_at DESC \r\n            LIMIT ?"}
[2025-10-11 17:52:27] [ERROR] Error in getRecentVerificationsWithNames {"message":"Ошибка выполнения запроса","limit":5}
[2025-10-11 17:52:27] [DEBUG] Recent verifications result {"count":0,"data":[]}
[2025-10-11 17:52:27] [INFO] Admin statistics retrieved successfully {"stats_summary":{"candidates":"5","verifications":5,"earnings":"202200.00"}}
[2025-10-11 17:52:27] [DEBUG] Admin stats retrieved {"stats":{"total_candidates":"5","active_candidates":"5","total_verifications":5,"total_earnings":"202200.00","recent_verifications":[],"total_hours":"559.00","total_orders":"384","unique_couriers":"4","recent_verifications_count":"5"}}
[2025-10-11 17:56:52] [INFO] AdminController initialized 
[2025-10-11 17:56:52] [INFO] Admin dashboard accessed 
[2025-10-11 17:56:52] [INFO] User accessed admin dashboard {"user_id":"2","email":"tes1@yandex.ru","role":"admin"}
[2025-10-11 17:56:52] [INFO] Getting admin statistics 
[2025-10-11 17:56:52] [DEBUG] Fetching candidate statistics 
[2025-10-11 17:56:52] [DEBUG] Candidate stats {"total":"5","active":"5"}
[2025-10-11 17:56:52] [DEBUG] Fetching verification statistics 
[2025-10-11 17:56:52] [DEBUG] Fetching recent verifications with names 
[2025-10-11 17:56:52] [DEBUG] Getting recent verifications with names {"limit":5}
[2025-10-11 17:56:52] [DEBUG] SQL query prepared {"sql":"SELECT \r\n                v.*, \r\n                c.full_name\r\n            FROM verification_data v\r\n            LEFT JOIN candidates c ON v.courier_id = c.courier_id\r\n            ORDER BY v.created_at DESC \r\n            LIMIT ?"}
[2025-10-11 17:56:52] [ERROR] Error in getRecentVerificationsWithNames {"message":"Ошибка выполнения запроса","limit":5}
[2025-10-11 17:56:52] [DEBUG] Recent verifications result {"count":0,"data":[]}
[2025-10-11 17:56:52] [INFO] Admin statistics retrieved successfully {"stats_summary":{"candidates":"5","verifications":5,"earnings":"202200.00"}}
[2025-10-11 17:56:52] [DEBUG] Admin stats retrieved {"stats":{"total_candidates":"5","active_candidates":"5","total_verifications":5,"total_earnings":"202200.00","recent_verifications":[],"total_hours":"559.00","total_orders":"384","unique_couriers":"4","recent_verifications_count":"5"}}
[2025-10-11 18:00:57] [INFO] AdminController initialized 
[2025-10-11 18:00:57] [INFO] Admin dashboard accessed 
[2025-10-11 18:00:57] [INFO] User accessed admin dashboard {"user_id":"2","email":"tes1@yandex.ru","role":"admin"}
[2025-10-11 18:00:57] [INFO] Getting admin statistics 
[2025-10-11 18:00:57] [DEBUG] Fetching candidate statistics 
[2025-10-11 18:00:57] [DEBUG] Candidate stats {"total":"5","active":"5"}
[2025-10-11 18:00:57] [DEBUG] Fetching verification statistics 
[2025-10-11 18:00:57] [DEBUG] Fetching recent verifications with names 
[2025-10-11 18:00:57] [DEBUG] Getting recent verifications with names {"limit":5}
[2025-10-11 18:00:57] [DEBUG] SQL query prepared {"sql":"SELECT \r\n                v.*, \r\n                c.full_name\r\n            FROM verification_data v\r\n            LEFT JOIN candidates c ON v.courier_id = c.courier_id\r\n            ORDER BY v.created_at DESC \r\n            LIMIT ?"}
[2025-10-11 18:00:57] [ERROR] Error in getRecentVerificationsWithNames {"message":"Ошибка выполнения запроса","limit":5}
[2025-10-11 18:00:57] [DEBUG] Recent verifications result {"count":0,"data":[]}
[2025-10-11 18:00:57] [INFO] Admin statistics retrieved successfully {"stats_summary":{"candidates":"5","verifications":5,"earnings":"202200.00"}}
[2025-10-11 18:00:57] [DEBUG] Admin stats retrieved {"stats":{"total_candidates":"5","active_candidates":"5","total_verifications":5,"total_earnings":"202200.00","recent_verifications":[],"total_hours":"559.00","total_orders":"384","unique_couriers":"4","recent_verifications_count":"5"}}
[2025-10-11 18:03:11] [INFO] AdminController initialized 
[2025-10-11 18:03:11] [INFO] Admin dashboard accessed 
[2025-10-11 18:03:11] [INFO] User accessed admin dashboard {"user_id":"2","email":"tes1@yandex.ru","role":"admin"}
[2025-10-11 18:03:11] [INFO] Getting admin statistics 
[2025-10-11 18:03:11] [DEBUG] Fetching candidate statistics 
[2025-10-11 18:03:11] [DEBUG] Candidate stats {"total":"5","active":"5"}
[2025-10-11 18:03:11] [DEBUG] Fetching verification statistics 
[2025-10-11 18:03:11] [DEBUG] Fetching recent verifications with names 
[2025-10-11 18:03:11] [DEBUG] Getting recent verifications with names {"limit":5}
[2025-10-11 18:03:11] [DEBUG] SQL query prepared {"sql":"SELECT \r\n                v.*, \r\n                c.full_name\r\n            FROM verification_data v\r\n            LEFT JOIN candidates c ON v.courier_id = c.courier_id\r\n            ORDER BY v.created_at DESC \r\n            LIMIT ?"}
[2025-10-11 18:03:11] [ERROR] Error in getRecentVerificationsWithNames {"message":"Ошибка выполнения запроса","limit":5}
[2025-10-11 18:03:11] [DEBUG] Recent verifications result {"count":0,"data":[]}
[2025-10-11 18:03:11] [INFO] Admin statistics retrieved successfully {"stats_summary":{"candidates":"5","verifications":5,"earnings":"202200.00"}}
[2025-10-11 18:03:11] [DEBUG] Admin stats retrieved {"stats":{"total_candidates":"5","active_candidates":"5","total_verifications":5,"total_earnings":"202200.00","recent_verifications":[],"total_hours":"559.00","total_orders":"384","unique_couriers":"4","recent_verifications_count":"5"}}
[2025-10-11 18:03:13] [INFO] AdminController initialized 
[2025-10-11 18:03:13] [INFO] Admin dashboard accessed 
[2025-10-11 18:03:13] [INFO] User accessed admin dashboard {"user_id":"2","email":"tes1@yandex.ru","role":"admin"}
[2025-10-11 18:03:13] [INFO] Getting admin statistics 
[2025-10-11 18:03:13] [DEBUG] Fetching candidate statistics 
[2025-10-11 18:03:13] [DEBUG] Candidate stats {"total":"5","active":"5"}
[2025-10-11 18:03:13] [DEBUG] Fetching verification statistics 
[2025-10-11 18:03:13] [DEBUG] Fetching recent verifications with names 
[2025-10-11 18:03:13] [DEBUG] Getting recent verifications with names {"limit":5}
[2025-10-11 18:03:13] [DEBUG] SQL query prepared {"sql":"SELECT \r\n                v.*, \r\n                c.full_name\r\n            FROM verification_data v\r\n            LEFT JOIN candidates c ON v.courier_id = c.courier_id\r\n            ORDER BY v.created_at DESC \r\n            LIMIT ?"}
[2025-10-11 18:03:13] [ERROR] Error in getRecentVerificationsWithNames {"message":"Ошибка выполнения запроса","limit":5}
[2025-10-11 18:03:13] [DEBUG] Recent verifications result {"count":0,"data":[]}
[2025-10-11 18:03:13] [INFO] Admin statistics retrieved successfully {"stats_summary":{"candidates":"5","verifications":5,"earnings":"202200.00"}}
[2025-10-11 18:03:13] [DEBUG] Admin stats retrieved {"stats":{"total_candidates":"5","active_candidates":"5","total_verifications":5,"total_earnings":"202200.00","recent_verifications":[],"total_hours":"559.00","total_orders":"384","unique_couriers":"4","recent_verifications_count":"5"}}
[2025-10-11 18:18:39] [INFO] AdminController initialized 
[2025-10-11 18:18:39] [INFO] Admin dashboard accessed 
[2025-10-11 18:18:39] [INFO] User accessed admin dashboard {"user_id":"2","email":"tes1@yandex.ru","role":"admin"}
[2025-10-11 18:18:39] [INFO] Getting admin statistics 
[2025-10-11 18:18:39] [DEBUG] Fetching candidate statistics 
[2025-10-11 18:18:39] [DEBUG] Candidate stats {"total":"5","active":"5"}
[2025-10-11 18:18:39] [DEBUG] Fetching verification statistics 
[2025-10-11 18:18:39] [DEBUG] Fetching recent verifications with names 
[2025-10-11 18:18:39] [DEBUG] Getting recent verifications with names {"limit":5}
[2025-10-11 18:18:39] [DEBUG] SQL query prepared {"sql":"SELECT \r\n                v.*, \r\n                c.full_name\r\n            FROM verification_data v\r\n            LEFT JOIN candidates c ON v.courier_id = c.courier_id\r\n            ORDER BY v.created_at DESC \r\n            LIMIT ?"}
[2025-10-11 18:18:39] [ERROR] Error in getRecentVerificationsWithNames {"message":"Ошибка выполнения запроса","limit":5}
[2025-10-11 18:18:39] [DEBUG] Recent verifications result {"count":0,"data":[]}
[2025-10-11 18:18:39] [INFO] Admin statistics retrieved successfully {"stats_summary":{"candidates":"5","verifications":5,"earnings":"202200.00"}}
[2025-10-11 18:18:39] [DEBUG] Admin stats retrieved {"stats":{"total_candidates":"5","active_candidates":"5","total_verifications":5,"total_earnings":"202200.00","recent_verifications":[],"total_hours":"559.00","total_orders":"384","unique_couriers":"4","recent_verifications_count":"5"}}
[2025-10-11 18:26:19] [INFO] AdminController initialized 
[2025-10-11 18:26:19] [INFO] Admin dashboard accessed 
[2025-10-11 18:26:19] [INFO] User accessed admin dashboard {"user_id":"2","email":"tes1@yandex.ru","role":"admin"}
[2025-10-11 18:26:19] [INFO] Getting admin statistics 
[2025-10-11 18:26:19] [DEBUG] Fetching candidate statistics 
[2025-10-11 18:26:19] [DEBUG] Candidate stats {"total":"5","active":"5"}
[2025-10-11 18:26:19] [DEBUG] Fetching verification statistics 
[2025-10-11 18:26:19] [DEBUG] Fetching recent verifications with names 
[2025-10-11 18:26:19] [DEBUG] Getting recent verifications with names {"limit":5}
[2025-10-11 18:26:19] [DEBUG] SQL query prepared {"sql":"SELECT \r\n                v.*, \r\n                c.full_name\r\n            FROM verification_data v\r\n            LEFT JOIN candidates c ON v.courier_id = c.courier_id\r\n            ORDER BY v.created_at DESC \r\n            LIMIT ?"}
[2025-10-11 18:26:19] [ERROR] Error in getRecentVerificationsWithNames {"message":"Ошибка выполнения запроса","limit":5}
[2025-10-11 18:26:19] [DEBUG] Recent verifications result {"count":0,"data":[]}
[2025-10-11 18:26:19] [INFO] Admin statistics retrieved successfully {"stats_summary":{"candidates":"5","verifications":5,"earnings":"202200.00"}}
[2025-10-11 18:26:19] [DEBUG] Admin stats retrieved {"stats":{"total_candidates":"5","active_candidates":"5","total_verifications":5,"total_earnings":"202200.00","recent_verifications":[],"total_hours":"559.00","total_orders":"384","unique_couriers":"4","recent_verifications_count":"5"}}
[2025-10-11 20:12:13] [INFO] AdminController initialized 
[2025-10-11 20:12:13] [INFO] Admin dashboard accessed 
[2025-10-11 20:12:13] [INFO] Getting admin statistics 
[2025-10-11 20:12:13] [DEBUG] Fetching candidate statistics 
[2025-10-11 20:12:14] [DEBUG] Candidate stats {"total":"5","active":"5"}
[2025-10-11 20:12:14] [DEBUG] Fetching verification statistics 
[2025-10-11 20:12:14] [DEBUG] Fetching recent verifications with names 
[2025-10-11 20:12:14] [DEBUG] Getting recent verifications with names {"limit":5}
[2025-10-11 20:12:14] [DEBUG] SQL query prepared {"sql":"SELECT \r\n                v.*, \r\n                c.full_name\r\n            FROM verification_data v\r\n            LEFT JOIN candidates c ON v.courier_id = c.courier_id\r\n            ORDER BY v.created_at DESC \r\n            LIMIT ?"}
[2025-10-11 20:12:14] [ERROR] Error in getRecentVerificationsWithNames {"message":"Ошибка выполнения запроса","limit":5}
[2025-10-11 20:12:14] [DEBUG] Recent verifications result {"count":0,"data":[]}
[2025-10-11 20:12:14] [INFO] Admin statistics retrieved successfully {"stats_summary":{"candidates":"5","verifications":5,"earnings":"202200.00"}}
[2025-10-11 20:12:17] [INFO] AdminController initialized 
[2025-10-11 20:12:17] [INFO] Admin dashboard accessed 
[2025-10-11 20:12:17] [INFO] Getting admin statistics 
[2025-10-11 20:12:17] [DEBUG] Fetching candidate statistics 
[2025-10-11 20:12:17] [DEBUG] Candidate stats {"total":"5","active":"5"}
[2025-10-11 20:12:17] [DEBUG] Fetching verification statistics 
[2025-10-11 20:12:17] [DEBUG] Fetching recent verifications with names 
[2025-10-11 20:12:17] [DEBUG] Getting recent verifications with names {"limit":5}
[2025-10-11 20:12:17] [DEBUG] SQL query prepared {"sql":"SELECT \r\n                v.*, \r\n                c.full_name\r\n            FROM verification_data v\r\n            LEFT JOIN candidates c ON v.courier_id = c.courier_id\r\n            ORDER BY v.created_at DESC \r\n            LIMIT ?"}
[2025-10-11 20:12:17] [ERROR] Error in getRecentVerificationsWithNames {"message":"Ошибка выполнения запроса","limit":5}
[2025-10-11 20:12:17] [DEBUG] Recent verifications result {"count":0,"data":[]}
[2025-10-11 20:12:17] [INFO] Admin statistics retrieved successfully {"stats_summary":{"candidates":"5","verifications":5,"earnings":"202200.00"}}
[2025-10-11 20:36:03] [INFO] AdminController initialized 
[2025-10-11 20:36:03] [INFO] Admin dashboard accessed 
[2025-10-11 20:36:03] [INFO] Getting admin statistics 
[2025-10-11 20:36:03] [DEBUG] Fetching candidate statistics 
[2025-10-11 20:36:03] [DEBUG] Candidate stats {"total":"5","active":"5"}
[2025-10-11 20:36:03] [DEBUG] Fetching verification statistics 
[2025-10-11 20:36:03] [DEBUG] Fetching recent verifications with names 
[2025-10-11 20:36:03] [DEBUG] Getting recent verifications with names {"limit":5}
[2025-10-11 20:36:03] [DEBUG] SQL query prepared {"sql":"SELECT \r\n                v.*, \r\n                c.full_name\r\n            FROM verification_data v\r\n            LEFT JOIN candidates c ON v.courier_id = c.courier_id\r\n            ORDER BY v.created_at DESC \r\n            LIMIT ?"}
[2025-10-11 20:36:03] [ERROR] Error in getRecentVerificationsWithNames {"message":"Ошибка выполнения запроса","limit":5}
[2025-10-11 20:36:03] [DEBUG] Recent verifications result {"count":0,"data":[]}
[2025-10-11 20:36:03] [INFO] Admin statistics retrieved successfully {"stats_summary":{"candidates":"5","verifications":5,"earnings":"202200.00"}}
[2025-10-11 20:36:05] [INFO] AdminController initialized 
[2025-10-11 20:36:05] [INFO] Admin dashboard accessed 
[2025-10-11 20:36:05] [INFO] Getting admin statistics 
[2025-10-11 20:36:05] [DEBUG] Fetching candidate statistics 
[2025-10-11 20:36:05] [DEBUG] Candidate stats {"total":"5","active":"5"}
[2025-10-11 20:36:05] [DEBUG] Fetching verification statistics 
[2025-10-11 20:36:05] [DEBUG] Fetching recent verifications with names 
[2025-10-11 20:36:05] [DEBUG] Getting recent verifications with names {"limit":5}
[2025-10-11 20:36:05] [DEBUG] SQL query prepared {"sql":"SELECT \r\n                v.*, \r\n                c.full_name\r\n            FROM verification_data v\r\n            LEFT JOIN candidates c ON v.courier_id = c.courier_id\r\n            ORDER BY v.created_at DESC \r\n            LIMIT ?"}
[2025-10-11 20:36:05] [ERROR] Error in getRecentVerificationsWithNames {"message":"Ошибка выполнения запроса","limit":5}
[2025-10-11 20:36:05] [DEBUG] Recent verifications result {"count":0,"data":[]}
[2025-10-11 20:36:05] [INFO] Admin statistics retrieved successfully {"stats_summary":{"candidates":"5","verifications":5,"earnings":"202200.00"}}
[2025-10-11 20:36:50] [INFO] AdminController initialized 
[2025-10-11 20:36:50] [INFO] Admin dashboard accessed 
[2025-10-11 20:36:50] [INFO] Getting admin statistics 
[2025-10-11 20:36:50] [DEBUG] Fetching candidate statistics 
[2025-10-11 20:36:50] [DEBUG] Candidate stats {"total":"5","active":"5"}
[2025-10-11 20:36:50] [DEBUG] Fetching verification statistics 
[2025-10-11 20:36:50] [DEBUG] Fetching recent verifications with names 
[2025-10-11 20:36:50] [DEBUG] Getting recent verifications with names {"limit":5}
[2025-10-11 20:36:50] [DEBUG] SQL query prepared {"sql":"SELECT \r\n                v.*, \r\n                c.full_name\r\n            FROM verification_data v\r\n            LEFT JOIN candidates c ON v.courier_id = c.courier_id\r\n            ORDER BY v.created_at DESC \r\n            LIMIT ?"}
[2025-10-11 20:36:50] [ERROR] Error in getRecentVerificationsWithNames {"message":"Ошибка выполнения запроса","limit":5}
[2025-10-11 20:36:50] [DEBUG] Recent verifications result {"count":0,"data":[]}
[2025-10-11 20:36:50] [INFO] Admin statistics retrieved successfully {"stats_summary":{"candidates":"5","verifications":5,"earnings":"202200.00"}}
[2025-10-11 20:36:52] [INFO] AdminController initialized 
[2025-10-11 20:36:52] [INFO] Admin dashboard accessed 
[2025-10-11 20:36:52] [INFO] Getting admin statistics 
[2025-10-11 20:36:52] [DEBUG] Fetching candidate statistics 
[2025-10-11 20:36:52] [DEBUG] Candidate stats {"total":"5","active":"5"}
[2025-10-11 20:36:52] [DEBUG] Fetching verification statistics 
[2025-10-11 20:36:52] [DEBUG] Fetching recent verifications with names 
[2025-10-11 20:36:52] [DEBUG] Getting recent verifications with names {"limit":5}
[2025-10-11 20:36:52] [DEBUG] SQL query prepared {"sql":"SELECT \r\n                v.*, \r\n                c.full_name\r\n            FROM verification_data v\r\n            LEFT JOIN candidates c ON v.courier_id = c.courier_id\r\n            ORDER BY v.created_at DESC \r\n            LIMIT ?"}
[2025-10-11 20:36:52] [ERROR] Error in getRecentVerificationsWithNames {"message":"Ошибка выполнения запроса","limit":5}
[2025-10-11 20:36:52] [DEBUG] Recent verifications result {"count":0,"data":[]}
[2025-10-11 20:36:52] [INFO] Admin statistics retrieved successfully {"stats_summary":{"candidates":"5","verifications":5,"earnings":"202200.00"}}
[2025-10-11 20:37:22] [INFO] AdminController initialized 
[2025-10-11 20:37:22] [INFO] Admin dashboard accessed 
[2025-10-11 20:37:22] [INFO] Getting admin statistics 
[2025-10-11 20:37:22] [DEBUG] Fetching candidate statistics 
[2025-10-11 20:37:22] [DEBUG] Candidate stats {"total":"5","active":"5"}
[2025-10-11 20:37:22] [DEBUG] Fetching verification statistics 
[2025-10-11 20:37:22] [DEBUG] Fetching recent verifications with names 
[2025-10-11 20:37:22] [DEBUG] Getting recent verifications with names {"limit":5}
[2025-10-11 20:37:22] [DEBUG] SQL query prepared {"sql":"SELECT \r\n                v.*, \r\n                c.full_name\r\n            FROM verification_data v\r\n            LEFT JOIN candidates c ON v.courier_id = c.courier_id\r\n            ORDER BY v.created_at DESC \r\n            LIMIT ?"}
[2025-10-11 20:37:22] [ERROR] Error in getRecentVerificationsWithNames {"message":"Ошибка выполнения запроса","limit":5}
[2025-10-11 20:37:22] [DEBUG] Recent verifications result {"count":0,"data":[]}
[2025-10-11 20:37:22] [INFO] Admin statistics retrieved successfully {"stats_summary":{"candidates":"5","verifications":5,"earnings":"202200.00"}}
[2025-10-11 20:38:22] [INFO] AdminController initialized 
[2025-10-11 20:38:22] [INFO] Admin dashboard accessed 
[2025-10-11 20:38:22] [INFO] Getting admin statistics 
[2025-10-11 20:38:22] [DEBUG] Fetching candidate statistics 
[2025-10-11 20:38:22] [DEBUG] Candidate stats {"total":"5","active":"5"}
[2025-10-11 20:38:22] [DEBUG] Fetching verification statistics 
[2025-10-11 20:38:22] [DEBUG] Fetching recent verifications with names 
[2025-10-11 20:38:22] [DEBUG] Getting recent verifications with names {"limit":5}
[2025-10-11 20:38:22] [DEBUG] SQL query prepared {"sql":"SELECT \r\n                v.*, \r\n                c.full_name\r\n            FROM verification_data v\r\n            LEFT JOIN candidates c ON v.courier_id = c.courier_id\r\n            ORDER BY v.created_at DESC \r\n            LIMIT ?"}
[2025-10-11 20:38:22] [ERROR] Error in getRecentVerificationsWithNames {"message":"Ошибка выполнения запроса","limit":5}
[2025-10-11 20:38:22] [DEBUG] Recent verifications result {"count":0,"data":[]}
[2025-10-11 20:38:22] [INFO] Admin statistics retrieved successfully {"stats_summary":{"candidates":"5","verifications":5,"earnings":"202200.00"}}
[2025-10-11 20:39:49] [INFO] AdminController initialized 
[2025-10-11 20:39:49] [INFO] Admin dashboard accessed 
[2025-10-11 20:39:49] [INFO] Getting admin statistics 
[2025-10-11 20:39:49] [DEBUG] Fetching candidate statistics 
[2025-10-11 20:39:49] [DEBUG] Candidate stats {"total":"5","active":"5"}
[2025-10-11 20:39:49] [DEBUG] Fetching verification statistics 
[2025-10-11 20:39:49] [DEBUG] Fetching recent verifications with names 
[2025-10-11 20:39:49] [DEBUG] Getting recent verifications with names {"limit":5}
[2025-10-11 20:39:49] [DEBUG] SQL query prepared {"sql":"SELECT \r\n                v.*, \r\n                c.full_name\r\n            FROM verification_data v\r\n            LEFT JOIN candidates c ON v.courier_id = c.courier_id\r\n            ORDER BY v.created_at DESC \r\n            LIMIT ?"}
[2025-10-11 20:39:49] [ERROR] Error in getRecentVerificationsWithNames {"message":"Ошибка выполнения запроса","limit":5}
[2025-10-11 20:39:49] [DEBUG] Recent verifications result {"count":0,"data":[]}
[2025-10-11 20:39:49] [INFO] Admin statistics retrieved successfully {"stats_summary":{"candidates":"5","verifications":5,"earnings":"202200.00"}}
[2025-10-11 20:41:23] [INFO] AdminController initialized 
[2025-10-11 20:41:23] [INFO] Admin dashboard accessed 
[2025-10-11 20:41:23] [INFO] Getting admin statistics 
[2025-10-11 20:41:23] [DEBUG] Fetching candidate statistics 
[2025-10-11 20:41:23] [DEBUG] Candidate stats {"total":"5","active":"5"}
[2025-10-11 20:41:23] [DEBUG] Fetching verification statistics 
[2025-10-11 20:41:23] [DEBUG] Fetching recent verifications with names 
[2025-10-11 20:41:23] [DEBUG] Getting recent verifications with names {"limit":5}
[2025-10-11 20:41:23] [DEBUG] SQL query prepared {"sql":"SELECT \r\n                v.*, \r\n                c.full_name\r\n            FROM verification_data v\r\n            LEFT JOIN candidates c ON v.courier_id = c.courier_id\r\n            ORDER BY v.created_at DESC \r\n            LIMIT ?"}
[2025-10-11 20:41:23] [ERROR] Error in getRecentVerificationsWithNames {"message":"Ошибка выполнения запроса","limit":5}
[2025-10-11 20:41:23] [DEBUG] Recent verifications result {"count":0,"data":[]}
[2025-10-11 20:41:23] [INFO] Admin statistics retrieved successfully {"stats_summary":{"candidates":"5","verifications":5,"earnings":"202200.00"}}
[2025-10-11 20:41:35] [INFO] AdminController initialized 
[2025-10-11 20:41:35] [INFO] Admin dashboard accessed 
[2025-10-11 20:41:35] [INFO] Getting admin statistics 
[2025-10-11 20:41:35] [DEBUG] Fetching candidate statistics 
[2025-10-11 20:41:35] [DEBUG] Candidate stats {"total":"5","active":"5"}
[2025-10-11 20:41:35] [DEBUG] Fetching verification statistics 
[2025-10-11 20:41:35] [DEBUG] Fetching recent verifications with names 
[2025-10-11 20:41:35] [DEBUG] Getting recent verifications with names {"limit":5}
[2025-10-11 20:41:35] [DEBUG] SQL query prepared {"sql":"SELECT \r\n                v.*, \r\n                c.full_name\r\n            FROM verification_data v\r\n            LEFT JOIN candidates c ON v.courier_id = c.courier_id\r\n            ORDER BY v.created_at DESC \r\n            LIMIT ?"}
[2025-10-11 20:41:35] [ERROR] Error in getRecentVerificationsWithNames {"message":"Ошибка выполнения запроса","limit":5}
[2025-10-11 20:41:35] [DEBUG] Recent verifications result {"count":0,"data":[]}
[2025-10-11 20:41:35] [INFO] Admin statistics retrieved successfully {"stats_summary":{"candidates":"5","verifications":5,"earnings":"202200.00"}}
[2025-10-11 20:51:27] [INFO] AdminController initialized 
[2025-10-11 20:51:27] [INFO] Admin dashboard accessed 
[2025-10-11 20:51:27] [INFO] Getting admin statistics 
[2025-10-11 20:51:27] [DEBUG] Fetching candidate statistics 
[2025-10-11 20:51:27] [DEBUG] Candidate stats {"total":"5","active":"5"}
[2025-10-11 20:51:27] [DEBUG] Fetching verification statistics 
[2025-10-11 20:51:27] [DEBUG] Fetching recent verifications with names 
[2025-10-11 20:51:27] [DEBUG] Getting recent verifications with names {"limit":5}
[2025-10-11 20:51:27] [DEBUG] SQL query prepared {"sql":"SELECT \r\n                v.*, \r\n                c.full_name\r\n            FROM verification_data v\r\n            LEFT JOIN candidates c ON v.courier_id = c.courier_id\r\n            ORDER BY v.created_at DESC \r\n            LIMIT ?"}
[2025-10-11 20:51:27] [ERROR] Error in getRecentVerificationsWithNames {"message":"Ошибка выполнения запроса","limit":5}
[2025-10-11 20:51:27] [DEBUG] Recent verifications result {"count":0,"data":[]}
[2025-10-11 20:51:27] [INFO] Admin statistics retrieved successfully {"stats_summary":{"candidates":"5","verifications":5,"earnings":"202200.00"}}
[2025-10-13 15:07:42] [INFO] AdminController initialized 
[2025-10-13 15:07:42] [INFO] Admin dashboard accessed 
[2025-10-13 15:07:42] [INFO] Getting admin statistics 
[2025-10-13 15:07:42] [DEBUG] Fetching candidate statistics 
[2025-10-13 15:07:42] [DEBUG] Candidate stats {"total":"5","active":"5"}
[2025-10-13 15:07:42] [DEBUG] Fetching verification statistics 
[2025-10-13 15:07:42] [DEBUG] Fetching recent verifications with names 
[2025-10-13 15:07:42] [DEBUG] Getting recent verifications with names {"limit":5}
[2025-10-13 15:07:42] [DEBUG] SQL query prepared {"sql":"SELECT \r\n                v.*, \r\n                c.full_name\r\n            FROM verification_data v\r\n            LEFT JOIN candidates c ON v.courier_id = c.courier_id\r\n            ORDER BY v.created_at DESC \r\n            LIMIT ?"}
[2025-10-13 15:07:42] [ERROR] Error in getRecentVerificationsWithNames {"message":"Ошибка выполнения запроса","limit":5}
[2025-10-13 15:07:42] [DEBUG] Recent verifications result {"count":0,"data":[]}
[2025-10-13 15:07:42] [INFO] Admin statistics retrieved successfully {"stats_summary":{"candidates":"5","verifications":5,"earnings":"202200.00"}}
[2025-10-13 15:08:14] [INFO] AdminController initialized 
[2025-10-13 15:08:14] [INFO] Admin dashboard accessed 
[2025-10-13 15:08:14] [INFO] Getting admin statistics 
[2025-10-13 15:08:14] [DEBUG] Fetching candidate statistics 
[2025-10-13 15:08:14] [DEBUG] Candidate stats {"total":"5","active":"5"}
[2025-10-13 15:08:14] [DEBUG] Fetching verification statistics 
[2025-10-13 15:08:14] [DEBUG] Fetching recent verifications with names 
[2025-10-13 15:08:14] [DEBUG] Getting recent verifications with names {"limit":5}
[2025-10-13 15:08:14] [DEBUG] SQL query prepared {"sql":"SELECT \r\n                v.*, \r\n                c.full_name\r\n            FROM verification_data v\r\n            LEFT JOIN candidates c ON v.courier_id = c.courier_id\r\n            ORDER BY v.created_at DESC \r\n            LIMIT ?"}
[2025-10-13 15:08:14] [ERROR] Error in getRecentVerificationsWithNames {"message":"Ошибка выполнения запроса","limit":5}
[2025-10-13 15:08:14] [DEBUG] Recent verifications result {"count":0,"data":[]}
[2025-10-13 15:08:14] [INFO] Admin statistics retrieved successfully {"stats_summary":{"candidates":"5","verifications":5,"earnings":"202200.00"}}
[2025-10-13 15:08:26] [INFO] AdminController initialized 
[2025-10-13 15:08:26] [INFO] Admin dashboard accessed 
[2025-10-13 15:08:26] [INFO] Getting admin statistics 
[2025-10-13 15:08:26] [DEBUG] Fetching candidate statistics 
[2025-10-13 15:08:26] [DEBUG] Candidate stats {"total":"5","active":"5"}
[2025-10-13 15:08:26] [DEBUG] Fetching verification statistics 
[2025-10-13 15:08:26] [DEBUG] Fetching recent verifications with names 
[2025-10-13 15:08:26] [DEBUG] Getting recent verifications with names {"limit":5}
[2025-10-13 15:08:26] [DEBUG] SQL query prepared {"sql":"SELECT \r\n                v.*, \r\n                c.full_name\r\n            FROM verification_data v\r\n            LEFT JOIN candidates c ON v.courier_id = c.courier_id\r\n            ORDER BY v.created_at DESC \r\n            LIMIT ?"}
[2025-10-13 15:08:26] [ERROR] Error in getRecentVerificationsWithNames {"message":"Ошибка выполнения запроса","limit":5}
[2025-10-13 15:08:26] [DEBUG] Recent verifications result {"count":0,"data":[]}
[2025-10-13 15:08:26] [INFO] Admin statistics retrieved successfully {"stats_summary":{"candidates":"5","verifications":5,"earnings":"202200.00"}}
[2025-10-13 15:09:05] [INFO] AdminController initialized 
[2025-10-13 15:09:05] [INFO] Admin dashboard accessed 
[2025-10-13 15:09:05] [INFO] Getting admin statistics 
[2025-10-13 15:09:05] [DEBUG] Fetching candidate statistics 
[2025-10-13 15:09:05] [DEBUG] Candidate stats {"total":"5","active":"5"}
[2025-10-13 15:09:05] [DEBUG] Fetching verification statistics 
[2025-10-13 15:09:05] [DEBUG] Fetching recent verifications with names 
[2025-10-13 15:09:05] [DEBUG] Getting recent verifications with names {"limit":5}
[2025-10-13 15:09:05] [DEBUG] SQL query prepared {"sql":"SELECT \r\n                v.*, \r\n                c.full_name\r\n            FROM verification_data v\r\n            LEFT JOIN candidates c ON v.courier_id = c.courier_id\r\n            ORDER BY v.created_at DESC \r\n            LIMIT ?"}
[2025-10-13 15:09:05] [ERROR] Error in getRecentVerificationsWithNames {"message":"Ошибка выполнения запроса","limit":5}
[2025-10-13 15:09:05] [DEBUG] Recent verifications result {"count":0,"data":[]}
[2025-10-13 15:09:05] [INFO] Admin statistics retrieved successfully {"stats_summary":{"candidates":"5","verifications":5,"earnings":"202200.00"}}
[2025-10-13 15:11:13] [INFO] AdminController initialized 
[2025-10-13 15:11:13] [INFO] Admin dashboard accessed 
[2025-10-13 15:11:13] [INFO] Getting admin statistics 
[2025-10-13 15:11:13] [DEBUG] Fetching candidate statistics 
[2025-10-13 15:11:13] [DEBUG] Candidate stats {"total":"5","active":"5"}
[2025-10-13 15:11:13] [DEBUG] Fetching verification statistics 
[2025-10-13 15:11:13] [DEBUG] Fetching recent verifications with names 
[2025-10-13 15:11:13] [DEBUG] Getting recent verifications with names {"limit":5}
[2025-10-13 15:11:13] [DEBUG] SQL query prepared {"sql":"SELECT \r\n                v.*, \r\n                c.full_name\r\n            FROM verification_data v\r\n            LEFT JOIN candidates c ON v.courier_id = c.courier_id\r\n            ORDER BY v.created_at DESC \r\n            LIMIT ?"}
[2025-10-13 15:11:13] [ERROR] Error in getRecentVerificationsWithNames {"message":"Ошибка выполнения запроса","limit":5}
[2025-10-13 15:11:13] [DEBUG] Recent verifications result {"count":0,"data":[]}
[2025-10-13 15:11:13] [INFO] Admin statistics retrieved successfully {"stats_summary":{"candidates":"5","verifications":5,"earnings":"202200.00"}}
[2025-10-13 15:11:21] [INFO] AdminController initialized 
[2025-10-13 15:11:21] [INFO] Admin dashboard accessed 
[2025-10-13 15:11:21] [INFO] Getting admin statistics 
[2025-10-13 15:11:21] [DEBUG] Fetching candidate statistics 
[2025-10-13 15:11:21] [DEBUG] Candidate stats {"total":"5","active":"5"}
[2025-10-13 15:11:21] [DEBUG] Fetching verification statistics 
[2025-10-13 15:11:21] [DEBUG] Fetching recent verifications with names 
[2025-10-13 15:11:21] [DEBUG] Getting recent verifications with names {"limit":5}
[2025-10-13 15:11:21] [DEBUG] SQL query prepared {"sql":"SELECT \r\n                v.*, \r\n                c.full_name\r\n            FROM verification_data v\r\n            LEFT JOIN candidates c ON v.courier_id = c.courier_id\r\n            ORDER BY v.created_at DESC \r\n            LIMIT ?"}
[2025-10-13 15:11:21] [ERROR] Error in getRecentVerificationsWithNames {"message":"Ошибка выполнения запроса","limit":5}
[2025-10-13 15:11:21] [DEBUG] Recent verifications result {"count":0,"data":[]}
[2025-10-13 15:11:21] [INFO] Admin statistics retrieved successfully {"stats_summary":{"candidates":"5","verifications":5,"earnings":"202200.00"}}
[2025-10-13 15:13:24] [INFO] AdminController initialized 
[2025-10-13 15:13:24] [INFO] Admin dashboard accessed 
[2025-10-13 15:13:24] [INFO] Getting admin statistics 
[2025-10-13 15:13:24] [DEBUG] Fetching candidate statistics 
[2025-10-13 15:13:24] [DEBUG] Candidate stats {"total":"5","active":"5"}
[2025-10-13 15:13:24] [DEBUG] Fetching verification statistics 
[2025-10-13 15:13:24] [DEBUG] Fetching recent verifications with names 
[2025-10-13 15:13:24] [DEBUG] Getting recent verifications with names {"limit":5}
[2025-10-13 15:13:24] [DEBUG] SQL query prepared {"sql":"SELECT \r\n                v.*, \r\n                c.full_name\r\n            FROM verification_data v\r\n            LEFT JOIN candidates c ON v.courier_id = c.courier_id\r\n            ORDER BY v.created_at DESC \r\n            LIMIT ?"}
[2025-10-13 15:13:24] [ERROR] Error in getRecentVerificationsWithNames {"message":"Ошибка выполнения запроса","limit":5}
[2025-10-13 15:13:24] [DEBUG] Recent verifications result {"count":0,"data":[]}
[2025-10-13 15:13:24] [INFO] Admin statistics retrieved successfully {"stats_summary":{"candidates":"5","verifications":5,"earnings":"202200.00"}}
[2025-10-13 15:15:22] [INFO] AdminController initialized 
[2025-10-13 15:15:22] [INFO] Admin dashboard accessed 
[2025-10-13 15:15:22] [INFO] Getting admin statistics 
[2025-10-13 15:15:22] [DEBUG] Fetching candidate statistics 
[2025-10-13 15:15:22] [DEBUG] Candidate stats {"total":"5","active":"5"}
[2025-10-13 15:15:22] [DEBUG] Fetching verification statistics 
[2025-10-13 15:15:22] [DEBUG] Fetching recent verifications with names 
[2025-10-13 15:15:22] [DEBUG] Getting recent verifications with names {"limit":5}
[2025-10-13 15:15:22] [DEBUG] SQL query prepared {"sql":"SELECT \r\n                v.*, \r\n                c.full_name\r\n            FROM verification_data v\r\n            LEFT JOIN candidates c ON v.courier_id = c.courier_id\r\n            ORDER BY v.created_at DESC \r\n            LIMIT ?"}
[2025-10-13 15:15:22] [ERROR] Error in getRecentVerificationsWithNames {"message":"Ошибка выполнения запроса","limit":5}
[2025-10-13 15:15:22] [DEBUG] Recent verifications result {"count":0,"data":[]}
[2025-10-13 15:15:22] [INFO] Admin statistics retrieved successfully {"stats_summary":{"candidates":"5","verifications":5,"earnings":"202200.00"}}
[2025-10-13 15:17:01] [INFO] AdminController initialized 
[2025-10-13 15:17:01] [INFO] Admin dashboard accessed 
[2025-10-13 15:17:01] [INFO] Getting admin statistics 
[2025-10-13 15:17:01] [DEBUG] Fetching candidate statistics 
[2025-10-13 15:17:01] [DEBUG] Candidate stats {"total":"5","active":"5"}
[2025-10-13 15:17:01] [DEBUG] Fetching verification statistics 
[2025-10-13 15:17:01] [DEBUG] Fetching recent verifications with names 
[2025-10-13 15:17:01] [DEBUG] Getting recent verifications with names {"limit":5}
[2025-10-13 15:17:01] [DEBUG] SQL query prepared {"sql":"SELECT \r\n                v.*, \r\n                c.full_name\r\n            FROM verification_data v\r\n            LEFT JOIN candidates c ON v.courier_id = c.courier_id\r\n            ORDER BY v.created_at DESC \r\n            LIMIT ?"}
[2025-10-13 15:17:01] [ERROR] Error in getRecentVerificationsWithNames {"message":"Ошибка выполнения запроса","limit":5}
[2025-10-13 15:17:01] [DEBUG] Recent verifications result {"count":0,"data":[]}
[2025-10-13 15:17:01] [INFO] Admin statistics retrieved successfully {"stats_summary":{"candidates":"5","verifications":5,"earnings":"202200.00"}}
[2025-10-13 15:17:30] [INFO] AdminController initialized 
[2025-10-13 15:17:30] [INFO] Admin dashboard accessed 
[2025-10-13 15:17:30] [INFO] Getting admin statistics 
[2025-10-13 15:17:30] [DEBUG] Fetching candidate statistics 
[2025-10-13 15:17:30] [DEBUG] Candidate stats {"total":"5","active":"5"}
[2025-10-13 15:17:30] [DEBUG] Fetching verification statistics 
[2025-10-13 15:17:30] [DEBUG] Fetching recent verifications with names 
[2025-10-13 15:17:30] [DEBUG] Getting recent verifications with names {"limit":5}
[2025-10-13 15:17:30] [DEBUG] SQL query prepared {"sql":"SELECT \r\n                v.*, \r\n                c.full_name\r\n            FROM verification_data v\r\n            LEFT JOIN candidates c ON v.courier_id = c.courier_id\r\n            ORDER BY v.created_at DESC \r\n            LIMIT ?"}
[2025-10-13 15:17:30] [ERROR] Error in getRecentVerificationsWithNames {"message":"Ошибка выполнения запроса","limit":5}
[2025-10-13 15:17:30] [DEBUG] Recent verifications result {"count":0,"data":[]}
[2025-10-13 15:17:30] [INFO] Admin statistics retrieved successfully {"stats_summary":{"candidates":"5","verifications":5,"earnings":"202200.00"}}
[2025-10-13 15:18:31] [INFO] AdminController initialized 
[2025-10-13 15:18:31] [INFO] Admin dashboard accessed 
[2025-10-13 15:18:31] [INFO] Getting admin statistics 
[2025-10-13 15:18:31] [DEBUG] Fetching candidate statistics 
[2025-10-13 15:18:31] [DEBUG] Candidate stats {"total":"5","active":"5"}
[2025-10-13 15:18:31] [DEBUG] Fetching verification statistics 
[2025-10-13 15:18:31] [DEBUG] Fetching recent verifications with names 
[2025-10-13 15:18:31] [DEBUG] Getting recent verifications with names {"limit":5}
[2025-10-13 15:18:31] [DEBUG] SQL query prepared {"sql":"SELECT \r\n                v.*, \r\n                c.full_name\r\n            FROM verification_data v\r\n            LEFT JOIN candidates c ON v.courier_id = c.courier_id\r\n            ORDER BY v.created_at DESC \r\n            LIMIT ?"}
[2025-10-13 15:18:31] [ERROR] Error in getRecentVerificationsWithNames {"message":"Ошибка выполнения запроса","limit":5}
[2025-10-13 15:18:31] [DEBUG] Recent verifications result {"count":0,"data":[]}
[2025-10-13 15:18:31] [INFO] Admin statistics retrieved successfully {"stats_summary":{"candidates":"5","verifications":5,"earnings":"202200.00"}}
[2025-10-13 15:19:18] [INFO] AdminController initialized 
[2025-10-13 15:19:18] [INFO] Admin dashboard accessed 
[2025-10-13 15:19:18] [INFO] Getting admin statistics 
[2025-10-13 15:19:18] [DEBUG] Fetching candidate statistics 
[2025-10-13 15:19:18] [DEBUG] Candidate stats {"total":"5","active":"5"}
[2025-10-13 15:19:18] [DEBUG] Fetching verification statistics 
[2025-10-13 15:19:18] [DEBUG] Fetching recent verifications with names 
[2025-10-13 15:19:18] [DEBUG] Getting recent verifications with names {"limit":5}
[2025-10-13 15:19:18] [DEBUG] SQL query prepared {"sql":"SELECT \r\n                v.*, \r\n                c.full_name\r\n            FROM verification_data v\r\n            LEFT JOIN candidates c ON v.courier_id = c.courier_id\r\n            ORDER BY v.created_at DESC \r\n            LIMIT ?"}
[2025-10-13 15:19:18] [ERROR] Error in getRecentVerificationsWithNames {"message":"Ошибка выполнения запроса","limit":5}
[2025-10-13 15:19:18] [DEBUG] Recent verifications result {"count":0,"data":[]}
[2025-10-13 15:19:18] [INFO] Admin statistics retrieved successfully {"stats_summary":{"candidates":"5","verifications":5,"earnings":"202200.00"}}
[2025-10-13 15:20:27] [INFO] AdminController initialized 
[2025-10-13 15:20:27] [INFO] Admin dashboard accessed 
[2025-10-13 15:20:27] [INFO] Getting admin statistics 
[2025-10-13 15:20:27] [DEBUG] Fetching candidate statistics 
[2025-10-13 15:20:27] [DEBUG] Candidate stats {"total":"5","active":"5"}
[2025-10-13 15:20:27] [DEBUG] Fetching verification statistics 
[2025-10-13 15:20:27] [DEBUG] Fetching recent verifications with names 
[2025-10-13 15:20:27] [DEBUG] Getting recent verifications with names {"limit":5}
[2025-10-13 15:20:27] [DEBUG] SQL query prepared {"sql":"SELECT \r\n                v.*, \r\n                c.full_name\r\n            FROM verification_data v\r\n            LEFT JOIN candidates c ON v.courier_id = c.courier_id\r\n            ORDER BY v.created_at DESC \r\n            LIMIT ?"}
[2025-10-13 15:20:27] [ERROR] Error in getRecentVerificationsWithNames {"message":"Ошибка выполнения запроса","limit":5}
[2025-10-13 15:20:27] [DEBUG] Recent verifications result {"count":0,"data":[]}
[2025-10-13 15:20:27] [INFO] Admin statistics retrieved successfully {"stats_summary":{"candidates":"5","verifications":5,"earnings":"202200.00"}}
[2025-10-13 15:21:23] [INFO] AdminController initialized 
[2025-10-13 15:21:23] [INFO] Admin dashboard accessed 
[2025-10-13 15:21:23] [INFO] Getting admin statistics 
[2025-10-13 15:21:23] [DEBUG] Fetching candidate statistics 
[2025-10-13 15:21:23] [DEBUG] Candidate stats {"total":"5","active":"5"}
[2025-10-13 15:21:23] [DEBUG] Fetching verification statistics 
[2025-10-13 15:21:23] [DEBUG] Fetching recent verifications with names 
[2025-10-13 15:21:23] [DEBUG] Getting recent verifications with names {"limit":5}
[2025-10-13 15:21:23] [DEBUG] SQL query prepared {"sql":"SELECT \r\n                v.*, \r\n                c.full_name\r\n            FROM verification_data v\r\n            LEFT JOIN candidates c ON v.courier_id = c.courier_id\r\n            ORDER BY v.created_at DESC \r\n            LIMIT ?"}
[2025-10-13 15:21:23] [ERROR] Error in getRecentVerificationsWithNames {"message":"Ошибка выполнения запроса","limit":5}
[2025-10-13 15:21:23] [DEBUG] Recent verifications result {"count":0,"data":[]}
[2025-10-13 15:21:23] [INFO] Admin statistics retrieved successfully {"stats_summary":{"candidates":"5","verifications":5,"earnings":"202200.00"}}
[2025-10-13 15:24:18] [INFO] AdminController initialized 
[2025-10-13 15:24:18] [INFO] Admin dashboard accessed 
[2025-10-13 15:24:18] [INFO] Getting admin statistics 
[2025-10-13 15:24:18] [DEBUG] Fetching candidate statistics 
[2025-10-13 15:24:18] [DEBUG] Candidate stats {"total":"5","active":"5"}
[2025-10-13 15:24:18] [DEBUG] Fetching verification statistics 
[2025-10-13 15:24:18] [DEBUG] Fetching recent verifications with names 
[2025-10-13 15:24:18] [DEBUG] Getting recent verifications with names {"limit":5}
[2025-10-13 15:24:18] [DEBUG] SQL query prepared {"sql":"SELECT \r\n                v.*, \r\n                c.full_name\r\n            FROM verification_data v\r\n            LEFT JOIN candidates c ON v.courier_id = c.courier_id\r\n            ORDER BY v.created_at DESC \r\n            LIMIT ?"}
[2025-10-13 15:24:18] [ERROR] Error in getRecentVerificationsWithNames {"message":"Ошибка выполнения запроса","limit":5}
[2025-10-13 15:24:18] [DEBUG] Recent verifications result {"count":0,"data":[]}
[2025-10-13 15:24:18] [INFO] Admin statistics retrieved successfully {"stats_summary":{"candidates":"5","verifications":5,"earnings":"202200.00"}}
[2025-10-13 15:25:46] [INFO] AdminController initialized 
[2025-10-13 15:25:46] [INFO] Admin dashboard accessed 
[2025-10-13 15:25:46] [INFO] Getting admin statistics 
[2025-10-13 15:25:46] [DEBUG] Fetching candidate statistics 
[2025-10-13 15:25:46] [DEBUG] Candidate stats {"total":"5","active":"5"}
[2025-10-13 15:25:46] [DEBUG] Fetching verification statistics 
[2025-10-13 15:25:46] [DEBUG] Fetching recent verifications with names 
[2025-10-13 15:25:46] [DEBUG] Getting recent verifications with names {"limit":5}
[2025-10-13 15:25:46] [DEBUG] SQL query prepared {"sql":"SELECT \r\n                v.*, \r\n                c.full_name\r\n            FROM verification_data v\r\n            LEFT JOIN candidates c ON v.courier_id = c.courier_id\r\n            ORDER BY v.created_at DESC \r\n            LIMIT ?"}
[2025-10-13 15:25:46] [ERROR] Error in getRecentVerificationsWithNames {"message":"Ошибка выполнения запроса","limit":5}
[2025-10-13 15:25:46] [DEBUG] Recent verifications result {"count":0,"data":[]}
[2025-10-13 15:25:46] [INFO] Admin statistics retrieved successfully {"stats_summary":{"candidates":"5","verifications":5,"earnings":"202200.00"}}
[2025-10-13 15:27:07] [INFO] AdminController initialized 
[2025-10-13 15:27:07] [INFO] Admin dashboard accessed 
[2025-10-13 15:27:07] [INFO] Getting admin statistics 
[2025-10-13 15:27:07] [DEBUG] Fetching candidate statistics 
[2025-10-13 15:27:07] [DEBUG] Candidate stats {"total":"5","active":"5"}
[2025-10-13 15:27:07] [DEBUG] Fetching verification statistics 
[2025-10-13 15:27:07] [DEBUG] Fetching recent verifications with names 
[2025-10-13 15:27:07] [DEBUG] Getting recent verifications with names {"limit":5}
[2025-10-13 15:27:07] [DEBUG] SQL query prepared {"sql":"SELECT \r\n                v.*, \r\n                c.full_name\r\n            FROM verification_data v\r\n            LEFT JOIN candidates c ON v.courier_id = c.courier_id\r\n            ORDER BY v.created_at DESC \r\n            LIMIT ?"}
[2025-10-13 15:27:07] [ERROR] Error in getRecentVerificationsWithNames {"message":"Ошибка выполнения запроса","limit":5}
[2025-10-13 15:27:07] [DEBUG] Recent verifications result {"count":0,"data":[]}
[2025-10-13 15:27:07] [INFO] Admin statistics retrieved successfully {"stats_summary":{"candidates":"5","verifications":5,"earnings":"202200.00"}}
[2025-10-13 15:27:40] [INFO] AdminController initialized 
[2025-10-13 15:27:40] [INFO] Admin dashboard accessed 
[2025-10-13 15:27:40] [INFO] Getting admin statistics 
[2025-10-13 15:27:40] [DEBUG] Fetching candidate statistics 
[2025-10-13 15:27:40] [DEBUG] Candidate stats {"total":"5","active":"5"}
[2025-10-13 15:27:40] [DEBUG] Fetching verification statistics 
[2025-10-13 15:27:40] [DEBUG] Fetching recent verifications with names 
[2025-10-13 15:27:40] [DEBUG] Getting recent verifications with names {"limit":5}
[2025-10-13 15:27:40] [DEBUG] SQL query prepared {"sql":"SELECT \r\n                v.*, \r\n                c.full_name\r\n            FROM verification_data v\r\n            LEFT JOIN candidates c ON v.courier_id = c.courier_id\r\n            ORDER BY v.created_at DESC \r\n            LIMIT ?"}
[2025-10-13 15:27:40] [ERROR] Error in getRecentVerificationsWithNames {"message":"Ошибка выполнения запроса","limit":5}
[2025-10-13 15:27:40] [DEBUG] Recent verifications result {"count":0,"data":[]}
[2025-10-13 15:27:40] [INFO] Admin statistics retrieved successfully {"stats_summary":{"candidates":"5","verifications":5,"earnings":"202200.00"}}
[2025-10-13 15:28:25] [INFO] AdminController initialized 
[2025-10-13 15:28:25] [INFO] Admin dashboard accessed 
[2025-10-13 15:28:25] [INFO] Getting admin statistics 
[2025-10-13 15:28:25] [DEBUG] Fetching candidate statistics 
[2025-10-13 15:28:25] [DEBUG] Candidate stats {"total":"5","active":"5"}
[2025-10-13 15:28:25] [DEBUG] Fetching verification statistics 
[2025-10-13 15:28:25] [DEBUG] Fetching recent verifications with names 
[2025-10-13 15:28:25] [DEBUG] Getting recent verifications with names {"limit":5}
[2025-10-13 15:28:25] [DEBUG] SQL query prepared {"sql":"SELECT \r\n                v.*, \r\n                c.full_name\r\n            FROM verification_data v\r\n            LEFT JOIN candidates c ON v.courier_id = c.courier_id\r\n            ORDER BY v.created_at DESC \r\n            LIMIT ?"}
[2025-10-13 15:28:25] [ERROR] Error in getRecentVerificationsWithNames {"message":"Ошибка выполнения запроса","limit":5}
[2025-10-13 15:28:25] [DEBUG] Recent verifications result {"count":0,"data":[]}
[2025-10-13 15:28:25] [INFO] Admin statistics retrieved successfully {"stats_summary":{"candidates":"5","verifications":5,"earnings":"202200.00"}}
[2025-10-13 15:29:28] [INFO] AdminController initialized 
[2025-10-13 15:29:28] [INFO] Admin dashboard accessed 
[2025-10-13 15:29:28] [INFO] Getting admin statistics 
[2025-10-13 15:29:28] [DEBUG] Fetching candidate statistics 
[2025-10-13 15:29:28] [DEBUG] Candidate stats {"total":"5","active":"5"}
[2025-10-13 15:29:28] [DEBUG] Fetching verification statistics 
[2025-10-13 15:29:28] [DEBUG] Fetching recent verifications with names 
[2025-10-13 15:29:28] [DEBUG] Getting recent verifications with names {"limit":5}
[2025-10-13 15:29:28] [DEBUG] SQL query prepared {"sql":"SELECT \r\n                v.*, \r\n                c.full_name\r\n            FROM verification_data v\r\n            LEFT JOIN candidates c ON v.courier_id = c.courier_id\r\n            ORDER BY v.created_at DESC \r\n            LIMIT ?"}
[2025-10-13 15:29:28] [ERROR] Error in getRecentVerificationsWithNames {"message":"Ошибка выполнения запроса","limit":5}
[2025-10-13 15:29:28] [DEBUG] Recent verifications result {"count":0,"data":[]}
[2025-10-13 15:29:28] [INFO] Admin statistics retrieved successfully {"stats_summary":{"candidates":"5","verifications":5,"earnings":"202200.00"}}
[2025-10-13 15:30:36] [INFO] AdminController initialized 
[2025-10-13 15:30:36] [INFO] Admin dashboard accessed 
[2025-10-13 15:30:36] [INFO] Getting admin statistics 
[2025-10-13 15:30:36] [DEBUG] Fetching candidate statistics 
[2025-10-13 15:30:36] [DEBUG] Candidate stats {"total":"5","active":"5"}
[2025-10-13 15:30:36] [DEBUG] Fetching verification statistics 
[2025-10-13 15:30:36] [DEBUG] Fetching recent verifications with names 
[2025-10-13 15:30:36] [DEBUG] Getting recent verifications with names {"limit":5}
[2025-10-13 15:30:36] [DEBUG] SQL query prepared {"sql":"SELECT \r\n                v.*, \r\n                c.full_name\r\n            FROM verification_data v\r\n            LEFT JOIN candidates c ON v.courier_id = c.courier_id\r\n            ORDER BY v.created_at DESC \r\n            LIMIT ?"}
[2025-10-13 15:30:36] [ERROR] Error in getRecentVerificationsWithNames {"message":"Ошибка выполнения запроса","limit":5}
[2025-10-13 15:30:36] [DEBUG] Recent verifications result {"count":0,"data":[]}
[2025-10-13 15:30:36] [INFO] Admin statistics retrieved successfully {"stats_summary":{"candidates":"5","verifications":5,"earnings":"202200.00"}}
[2025-10-13 15:31:56] [INFO] AdminController initialized 
[2025-10-13 15:31:56] [INFO] Admin dashboard accessed 
[2025-10-13 15:31:56] [INFO] Getting admin statistics 
[2025-10-13 15:31:56] [DEBUG] Fetching candidate statistics 
[2025-10-13 15:31:56] [DEBUG] Candidate stats {"total":"5","active":"5"}
[2025-10-13 15:31:56] [DEBUG] Fetching verification statistics 
[2025-10-13 15:31:56] [DEBUG] Fetching recent verifications with names 
[2025-10-13 15:31:56] [DEBUG] Getting recent verifications with names {"limit":5}
[2025-10-13 15:31:56] [DEBUG] SQL query prepared {"sql":"SELECT \r\n                v.*, \r\n                c.full_name\r\n            FROM verification_data v\r\n            LEFT JOIN candidates c ON v.courier_id = c.courier_id\r\n            ORDER BY v.created_at DESC \r\n            LIMIT ?"}
[2025-10-13 15:31:56] [ERROR] Error in getRecentVerificationsWithNames {"message":"Ошибка выполнения запроса","limit":5}
[2025-10-13 15:31:56] [DEBUG] Recent verifications result {"count":0,"data":[]}
[2025-10-13 15:31:56] [INFO] Admin statistics retrieved successfully {"stats_summary":{"candidates":"5","verifications":5,"earnings":"202200.00"}}
[2025-10-13 15:33:33] [INFO] AdminController initialized 
[2025-10-13 15:33:33] [INFO] Admin dashboard accessed 
[2025-10-13 15:33:33] [INFO] Getting admin statistics 
[2025-10-13 15:33:33] [DEBUG] Fetching candidate statistics 
[2025-10-13 15:33:33] [DEBUG] Candidate stats {"total":"5","active":"5"}
[2025-10-13 15:33:33] [DEBUG] Fetching verification statistics 
[2025-10-13 15:33:33] [DEBUG] Fetching recent verifications with names 
[2025-10-13 15:33:33] [DEBUG] Getting recent verifications with names {"limit":5}
[2025-10-13 15:33:33] [DEBUG] SQL query prepared {"sql":"SELECT \r\n                v.*, \r\n                c.full_name\r\n            FROM verification_data v\r\n            LEFT JOIN candidates c ON v.courier_id = c.courier_id\r\n            ORDER BY v.created_at DESC \r\n            LIMIT ?"}
[2025-10-13 15:33:33] [ERROR] Error in getRecentVerificationsWithNames {"message":"Ошибка выполнения запроса","limit":5}
[2025-10-13 15:33:33] [DEBUG] Recent verifications result {"count":0,"data":[]}
[2025-10-13 15:33:33] [INFO] Admin statistics retrieved successfully {"stats_summary":{"candidates":"5","verifications":5,"earnings":"202200.00"}}
[2025-10-13 15:35:21] [INFO] AdminController initialized 
[2025-10-13 15:35:21] [INFO] Admin dashboard accessed 
[2025-10-13 15:35:21] [INFO] Getting admin statistics 
[2025-10-13 15:35:21] [DEBUG] Fetching candidate statistics 
[2025-10-13 15:35:21] [DEBUG] Candidate stats {"total":"5","active":"5"}
[2025-10-13 15:35:21] [DEBUG] Fetching verification statistics 
[2025-10-13 15:35:21] [DEBUG] Fetching recent verifications with names 
[2025-10-13 15:35:21] [DEBUG] Getting recent verifications with names {"limit":5}
[2025-10-13 15:35:21] [DEBUG] SQL query prepared {"sql":"SELECT \r\n                v.*, \r\n                c.full_name\r\n            FROM verification_data v\r\n            LEFT JOIN candidates c ON v.courier_id = c.courier_id\r\n            ORDER BY v.created_at DESC \r\n            LIMIT ?"}
[2025-10-13 15:35:21] [ERROR] Error in getRecentVerificationsWithNames {"message":"Ошибка выполнения запроса","limit":5}
[2025-10-13 15:35:21] [DEBUG] Recent verifications result {"count":0,"data":[]}
[2025-10-13 15:35:21] [INFO] Admin statistics retrieved successfully {"stats_summary":{"candidates":"5","verifications":5,"earnings":"202200.00"}}
[2025-10-13 15:35:51] [INFO] AdminController initialized 
[2025-10-13 15:35:51] [INFO] Admin dashboard accessed 
[2025-10-13 15:35:51] [INFO] Getting admin statistics 
[2025-10-13 15:35:51] [DEBUG] Fetching candidate statistics 
[2025-10-13 15:35:51] [DEBUG] Candidate stats {"total":"5","active":"5"}
[2025-10-13 15:35:51] [DEBUG] Fetching verification statistics 
[2025-10-13 15:35:51] [DEBUG] Fetching recent verifications with names 
[2025-10-13 15:35:51] [DEBUG] Getting recent verifications with names {"limit":5}
[2025-10-13 15:35:51] [DEBUG] SQL query prepared {"sql":"SELECT \r\n                v.*, \r\n                c.full_name\r\n            FROM verification_data v\r\n            LEFT JOIN candidates c ON v.courier_id = c.courier_id\r\n            ORDER BY v.created_at DESC \r\n            LIMIT ?"}
[2025-10-13 15:35:51] [ERROR] Error in getRecentVerificationsWithNames {"message":"Ошибка выполнения запроса","limit":5}
[2025-10-13 15:35:51] [DEBUG] Recent verifications result {"count":0,"data":[]}
[2025-10-13 15:35:51] [INFO] Admin statistics retrieved successfully {"stats_summary":{"candidates":"5","verifications":5,"earnings":"202200.00"}}
[2025-10-13 15:36:29] [INFO] AdminController initialized 
[2025-10-13 15:36:29] [INFO] Admin dashboard accessed 
[2025-10-13 15:36:29] [INFO] Getting admin statistics 
[2025-10-13 15:36:29] [DEBUG] Fetching candidate statistics 
[2025-10-13 15:36:29] [DEBUG] Candidate stats {"total":"5","active":"5"}
[2025-10-13 15:36:29] [DEBUG] Fetching verification statistics 
[2025-10-13 15:36:29] [DEBUG] Fetching recent verifications with names 
[2025-10-13 15:36:29] [DEBUG] Getting recent verifications with names {"limit":5}
[2025-10-13 15:36:29] [DEBUG] SQL query prepared {"sql":"SELECT \r\n                v.*, \r\n                c.full_name\r\n            FROM verification_data v\r\n            LEFT JOIN candidates c ON v.courier_id = c.courier_id\r\n            ORDER BY v.created_at DESC \r\n            LIMIT ?"}
[2025-10-13 15:36:29] [ERROR] Error in getRecentVerificationsWithNames {"message":"Ошибка выполнения запроса","limit":5}
[2025-10-13 15:36:29] [DEBUG] Recent verifications result {"count":0,"data":[]}
[2025-10-13 15:36:29] [INFO] Admin statistics retrieved successfully {"stats_summary":{"candidates":"5","verifications":5,"earnings":"202200.00"}}
[2025-10-13 15:36:55] [INFO] AdminController initialized 
[2025-10-13 15:36:55] [INFO] Admin dashboard accessed 
[2025-10-13 15:36:55] [INFO] Getting admin statistics 
[2025-10-13 15:36:55] [DEBUG] Fetching candidate statistics 
[2025-10-13 15:36:55] [DEBUG] Candidate stats {"total":"5","active":"5"}
[2025-10-13 15:36:55] [DEBUG] Fetching verification statistics 
[2025-10-13 15:36:55] [DEBUG] Fetching recent verifications with names 
[2025-10-13 15:36:55] [DEBUG] Getting recent verifications with names {"limit":5}
[2025-10-13 15:36:55] [DEBUG] SQL query prepared {"sql":"SELECT \r\n                v.*, \r\n                c.full_name\r\n            FROM verification_data v\r\n            LEFT JOIN candidates c ON v.courier_id = c.courier_id\r\n            ORDER BY v.created_at DESC \r\n            LIMIT ?"}
[2025-10-13 15:36:55] [ERROR] Error in getRecentVerificationsWithNames {"message":"Ошибка выполнения запроса","limit":5}
[2025-10-13 15:36:55] [DEBUG] Recent verifications result {"count":0,"data":[]}
[2025-10-13 15:36:55] [INFO] Admin statistics retrieved successfully {"stats_summary":{"candidates":"5","verifications":5,"earnings":"202200.00"}}
[2025-10-13 15:37:20] [INFO] AdminController initialized 
[2025-10-13 15:37:20] [INFO] Admin dashboard accessed 
[2025-10-13 15:37:20] [INFO] Getting admin statistics 
[2025-10-13 15:37:20] [DEBUG] Fetching candidate statistics 
[2025-10-13 15:37:20] [DEBUG] Candidate stats {"total":"5","active":"5"}
[2025-10-13 15:37:20] [DEBUG] Fetching verification statistics 
[2025-10-13 15:37:20] [DEBUG] Fetching recent verifications with names 
[2025-10-13 15:37:20] [DEBUG] Getting recent verifications with names {"limit":5}
[2025-10-13 15:37:20] [DEBUG] SQL query prepared {"sql":"SELECT \r\n                v.*, \r\n                c.full_name\r\n            FROM verification_data v\r\n            LEFT JOIN candidates c ON v.courier_id = c.courier_id\r\n            ORDER BY v.created_at DESC \r\n            LIMIT ?"}
[2025-10-13 15:37:20] [ERROR] Error in getRecentVerificationsWithNames {"message":"Ошибка выполнения запроса","limit":5}
[2025-10-13 15:37:20] [DEBUG] Recent verifications result {"count":0,"data":[]}
[2025-10-13 15:37:20] [INFO] Admin statistics retrieved successfully {"stats_summary":{"candidates":"5","verifications":5,"earnings":"202200.00"}}
[2025-10-13 15:37:44] [INFO] AdminController initialized 
[2025-10-13 15:37:44] [INFO] Admin dashboard accessed 
[2025-10-13 15:37:44] [INFO] Getting admin statistics 
[2025-10-13 15:37:44] [DEBUG] Fetching candidate statistics 
[2025-10-13 15:37:44] [DEBUG] Candidate stats {"total":"5","active":"5"}
[2025-10-13 15:37:44] [DEBUG] Fetching verification statistics 
[2025-10-13 15:37:44] [DEBUG] Fetching recent verifications with names 
[2025-10-13 15:37:44] [DEBUG] Getting recent verifications with names {"limit":5}
[2025-10-13 15:37:44] [DEBUG] SQL query prepared {"sql":"SELECT \r\n                v.*, \r\n                c.full_name\r\n            FROM verification_data v\r\n            LEFT JOIN candidates c ON v.courier_id = c.courier_id\r\n            ORDER BY v.created_at DESC \r\n            LIMIT ?"}
[2025-10-13 15:37:44] [ERROR] Error in getRecentVerificationsWithNames {"message":"Ошибка выполнения запроса","limit":5}
[2025-10-13 15:37:44] [DEBUG] Recent verifications result {"count":0,"data":[]}
[2025-10-13 15:37:44] [INFO] Admin statistics retrieved successfully {"stats_summary":{"candidates":"5","verifications":5,"earnings":"202200.00"}}
[2025-10-13 15:37:48] [INFO] AdminController initialized 
[2025-10-13 15:37:48] [INFO] Admin dashboard accessed 
[2025-10-13 15:37:48] [INFO] Getting admin statistics 
[2025-10-13 15:37:48] [DEBUG] Fetching candidate statistics 
[2025-10-13 15:37:48] [DEBUG] Candidate stats {"total":"5","active":"5"}
[2025-10-13 15:37:48] [DEBUG] Fetching verification statistics 
[2025-10-13 15:37:48] [DEBUG] Fetching recent verifications with names 
[2025-10-13 15:37:48] [DEBUG] Getting recent verifications with names {"limit":5}
[2025-10-13 15:37:48] [DEBUG] SQL query prepared {"sql":"SELECT \r\n                v.*, \r\n                c.full_name\r\n            FROM verification_data v\r\n            LEFT JOIN candidates c ON v.courier_id = c.courier_id\r\n            ORDER BY v.created_at DESC \r\n            LIMIT ?"}
[2025-10-13 15:37:48] [ERROR] Error in getRecentVerificationsWithNames {"message":"Ошибка выполнения запроса","limit":5}
[2025-10-13 15:37:48] [DEBUG] Recent verifications result {"count":0,"data":[]}
[2025-10-13 15:37:48] [INFO] Admin statistics retrieved successfully {"stats_summary":{"candidates":"5","verifications":5,"earnings":"202200.00"}}
[2025-10-13 15:38:03] [INFO] AdminController initialized 
[2025-10-13 15:38:03] [INFO] Admin dashboard accessed 
[2025-10-13 15:38:03] [INFO] Getting admin statistics 
[2025-10-13 15:38:03] [DEBUG] Fetching candidate statistics 
[2025-10-13 15:38:03] [DEBUG] Candidate stats {"total":"5","active":"5"}
[2025-10-13 15:38:03] [DEBUG] Fetching verification statistics 
[2025-10-13 15:38:03] [DEBUG] Fetching recent verifications with names 
[2025-10-13 15:38:03] [DEBUG] Getting recent verifications with names {"limit":5}
[2025-10-13 15:38:03] [DEBUG] SQL query prepared {"sql":"SELECT \r\n                v.*, \r\n                c.full_name\r\n            FROM verification_data v\r\n            LEFT JOIN candidates c ON v.courier_id = c.courier_id\r\n            ORDER BY v.created_at DESC \r\n            LIMIT ?"}
[2025-10-13 15:38:03] [ERROR] Error in getRecentVerificationsWithNames {"message":"Ошибка выполнения запроса","limit":5}
[2025-10-13 15:38:03] [DEBUG] Recent verifications result {"count":0,"data":[]}
[2025-10-13 15:38:03] [INFO] Admin statistics retrieved successfully {"stats_summary":{"candidates":"5","verifications":5,"earnings":"202200.00"}}
[2025-10-13 15:38:13] [INFO] AdminController initialized 
[2025-10-13 15:38:13] [INFO] Admin dashboard accessed 
[2025-10-13 15:38:13] [INFO] Getting admin statistics 
[2025-10-13 15:38:13] [DEBUG] Fetching candidate statistics 
[2025-10-13 15:38:13] [DEBUG] Candidate stats {"total":"5","active":"5"}
[2025-10-13 15:38:13] [DEBUG] Fetching verification statistics 
[2025-10-13 15:38:13] [DEBUG] Fetching recent verifications with names 
[2025-10-13 15:38:13] [DEBUG] Getting recent verifications with names {"limit":5}
[2025-10-13 15:38:13] [DEBUG] SQL query prepared {"sql":"SELECT \r\n                v.*, \r\n                c.full_name\r\n            FROM verification_data v\r\n            LEFT JOIN candidates c ON v.courier_id = c.courier_id\r\n            ORDER BY v.created_at DESC \r\n            LIMIT ?"}
[2025-10-13 15:38:13] [ERROR] Error in getRecentVerificationsWithNames {"message":"Ошибка выполнения запроса","limit":5}
[2025-10-13 15:38:13] [DEBUG] Recent verifications result {"count":0,"data":[]}
[2025-10-13 15:38:13] [INFO] Admin statistics retrieved successfully {"stats_summary":{"candidates":"5","verifications":5,"earnings":"202200.00"}}
[2025-10-13 15:39:16] [INFO] AdminController initialized 
[2025-10-13 15:39:16] [INFO] Admin dashboard accessed 
[2025-10-13 15:39:16] [INFO] Getting admin statistics 
[2025-10-13 15:39:16] [DEBUG] Fetching candidate statistics 
[2025-10-13 15:39:16] [DEBUG] Candidate stats {"total":"5","active":"5"}
[2025-10-13 15:39:16] [DEBUG] Fetching verification statistics 
[2025-10-13 15:39:16] [DEBUG] Fetching recent verifications with names 
[2025-10-13 15:39:16] [DEBUG] Getting recent verifications with names {"limit":5}
[2025-10-13 15:39:16] [DEBUG] SQL query prepared {"sql":"SELECT \r\n                v.*, \r\n                c.full_name\r\n            FROM verification_data v\r\n            LEFT JOIN candidates c ON v.courier_id = c.courier_id\r\n            ORDER BY v.created_at DESC \r\n            LIMIT ?"}
[2025-10-13 15:39:16] [ERROR] Error in getRecentVerificationsWithNames {"message":"Ошибка выполнения запроса","limit":5}
[2025-10-13 15:39:16] [DEBUG] Recent verifications result {"count":0,"data":[]}
[2025-10-13 15:39:16] [INFO] Admin statistics retrieved successfully {"stats_summary":{"candidates":"5","verifications":5,"earnings":"202200.00"}}
[2025-10-13 15:39:33] [INFO] AdminController initialized 
[2025-10-13 15:39:33] [INFO] Admin dashboard accessed 
[2025-10-13 15:39:33] [INFO] Getting admin statistics 
[2025-10-13 15:39:33] [DEBUG] Fetching candidate statistics 
[2025-10-13 15:39:33] [DEBUG] Candidate stats {"total":"5","active":"5"}
[2025-10-13 15:39:33] [DEBUG] Fetching verification statistics 
[2025-10-13 15:39:33] [DEBUG] Fetching recent verifications with names 
[2025-10-13 15:39:33] [DEBUG] Getting recent verifications with names {"limit":5}
[2025-10-13 15:39:33] [DEBUG] SQL query prepared {"sql":"SELECT \r\n                v.*, \r\n                c.full_name\r\n            FROM verification_data v\r\n            LEFT JOIN candidates c ON v.courier_id = c.courier_id\r\n            ORDER BY v.created_at DESC \r\n            LIMIT ?"}
[2025-10-13 15:39:33] [ERROR] Error in getRecentVerificationsWithNames {"message":"Ошибка выполнения запроса","limit":5}
[2025-10-13 15:39:33] [DEBUG] Recent verifications result {"count":0,"data":[]}
[2025-10-13 15:39:33] [INFO] Admin statistics retrieved successfully {"stats_summary":{"candidates":"5","verifications":5,"earnings":"202200.00"}}
[2025-10-13 15:39:58] [INFO] AdminController initialized 
[2025-10-13 15:39:58] [INFO] Admin dashboard accessed 
[2025-10-13 15:39:58] [INFO] Getting admin statistics 
[2025-10-13 15:39:58] [DEBUG] Fetching candidate statistics 
[2025-10-13 15:39:58] [DEBUG] Candidate stats {"total":"5","active":"5"}
[2025-10-13 15:39:58] [DEBUG] Fetching verification statistics 
[2025-10-13 15:39:58] [DEBUG] Fetching recent verifications with names 
[2025-10-13 15:39:58] [DEBUG] Getting recent verifications with names {"limit":5}
[2025-10-13 15:39:58] [DEBUG] SQL query prepared {"sql":"SELECT \r\n                v.*, \r\n                c.full_name\r\n            FROM verification_data v\r\n            LEFT JOIN candidates c ON v.courier_id = c.courier_id\r\n            ORDER BY v.created_at DESC \r\n            LIMIT ?"}
[2025-10-13 15:39:58] [ERROR] Error in getRecentVerificationsWithNames {"message":"Ошибка выполнения запроса","limit":5}
[2025-10-13 15:39:58] [DEBUG] Recent verifications result {"count":0,"data":[]}
[2025-10-13 15:39:58] [INFO] Admin statistics retrieved successfully {"stats_summary":{"candidates":"5","verifications":5,"earnings":"202200.00"}}
[2025-10-13 15:42:53] [INFO] AdminController initialized 
[2025-10-13 15:42:53] [INFO] Admin dashboard accessed 
[2025-10-13 15:42:53] [INFO] Getting admin statistics 
[2025-10-13 15:42:53] [DEBUG] Fetching candidate statistics 
[2025-10-13 15:42:53] [DEBUG] Candidate stats {"total":"5","active":"5"}
[2025-10-13 15:42:53] [DEBUG] Fetching verification statistics 
[2025-10-13 15:42:53] [DEBUG] Fetching recent verifications with names 
[2025-10-13 15:42:53] [DEBUG] Getting recent verifications with names {"limit":5}
[2025-10-13 15:42:53] [DEBUG] SQL query prepared {"sql":"SELECT \r\n                v.*, \r\n                c.full_name\r\n            FROM verification_data v\r\n            LEFT JOIN candidates c ON v.courier_id = c.courier_id\r\n            ORDER BY v.created_at DESC \r\n            LIMIT ?"}
[2025-10-13 15:42:53] [ERROR] Error in getRecentVerificationsWithNames {"message":"Ошибка выполнения запроса","limit":5}
[2025-10-13 15:42:53] [DEBUG] Recent verifications result {"count":0,"data":[]}
[2025-10-13 15:42:53] [INFO] Admin statistics retrieved successfully {"stats_summary":{"candidates":"5","verifications":5,"earnings":"202200.00"}}
[2025-10-13 15:42:54] [INFO] AdminController initialized 
[2025-10-13 15:42:54] [INFO] Admin pages Tables 
[2025-10-13 15:43:24] [INFO] AdminController initialized 
[2025-10-13 15:43:24] [INFO] Admin pages Tables 
[2025-10-13 15:43:54] [INFO] AdminController initialized 
[2025-10-13 15:43:54] [INFO] Admin pages Tables 
[2025-10-13 15:44:07] [INFO] AdminController initialized 
[2025-10-13 15:44:07] [INFO] Admin pages Tables 
[2025-10-13 15:49:27] [INFO] AdminController initialized 
[2025-10-13 15:49:27] [INFO] Admin pages Tables 
[2025-10-13 15:50:40] [INFO] AdminController initialized 
[2025-10-13 15:50:40] [INFO] Admin pages Tables 
[2025-10-13 15:50:42] [INFO] AdminController initialized 
[2025-10-13 15:50:42] [INFO] Admin pages Tables 
[2025-10-13 15:51:15] [INFO] AdminController initialized 
[2025-10-13 15:51:15] [INFO] Admin pages Tables 
[2025-10-13 15:51:17] [INFO] AdminController initialized 
[2025-10-13 15:51:17] [INFO] Admin pages Tables 
[2025-10-13 15:51:19] [INFO] AdminController initialized 
[2025-10-13 15:51:19] [INFO] Admin pages Tables 
[2025-10-13 15:51:20] [INFO] AdminController initialized 
[2025-10-13 15:51:20] [INFO] Admin pages Tables 
[2025-10-13 15:51:20] [INFO] AdminController initialized 
[2025-10-13 15:51:20] [INFO] Admin pages Tables 
[2025-10-13 15:51:44] [INFO] AdminController initialized 
[2025-10-13 15:51:44] [INFO] Admin pages Tables 
[2025-10-13 15:52:00] [INFO] AdminController initialized 
[2025-10-13 15:52:00] [INFO] Admin pages Tables 
[2025-10-13 15:52:01] [INFO] AdminController initialized 
[2025-10-13 15:52:01] [INFO] Admin dashboard accessed 
[2025-10-13 15:52:01] [INFO] Getting admin statistics 
[2025-10-13 15:52:01] [DEBUG] Fetching candidate statistics 
[2025-10-13 15:52:01] [DEBUG] Candidate stats {"total":"5","active":"5"}
[2025-10-13 15:52:01] [DEBUG] Fetching verification statistics 
[2025-10-13 15:52:01] [DEBUG] Fetching recent verifications with names 
[2025-10-13 15:52:01] [DEBUG] Getting recent verifications with names {"limit":5}
[2025-10-13 15:52:01] [DEBUG] SQL query prepared {"sql":"SELECT \r\n                v.*, \r\n                c.full_name\r\n            FROM verification_data v\r\n            LEFT JOIN candidates c ON v.courier_id = c.courier_id\r\n            ORDER BY v.created_at DESC \r\n            LIMIT ?"}
[2025-10-13 15:52:01] [ERROR] Error in getRecentVerificationsWithNames {"message":"Ошибка выполнения запроса","limit":5}
[2025-10-13 15:52:01] [DEBUG] Recent verifications result {"count":0,"data":[]}
[2025-10-13 15:52:01] [INFO] Admin statistics retrieved successfully {"stats_summary":{"candidates":"5","verifications":5,"earnings":"202200.00"}}
[2025-10-13 15:52:03] [INFO] AdminController initialized 
[2025-10-13 15:52:03] [INFO] Admin pages Tables 
[2025-10-13 15:52:05] [INFO] AdminController initialized 
[2025-10-13 15:52:05] [INFO] Admin dashboard accessed 
[2025-10-13 15:52:05] [INFO] Getting admin statistics 
[2025-10-13 15:52:05] [DEBUG] Fetching candidate statistics 
[2025-10-13 15:52:05] [DEBUG] Candidate stats {"total":"5","active":"5"}
[2025-10-13 15:52:05] [DEBUG] Fetching verification statistics 
[2025-10-13 15:52:05] [DEBUG] Fetching recent verifications with names 
[2025-10-13 15:52:05] [DEBUG] Getting recent verifications with names {"limit":5}
[2025-10-13 15:52:05] [DEBUG] SQL query prepared {"sql":"SELECT \r\n                v.*, \r\n                c.full_name\r\n            FROM verification_data v\r\n            LEFT JOIN candidates c ON v.courier_id = c.courier_id\r\n            ORDER BY v.created_at DESC \r\n            LIMIT ?"}
[2025-10-13 15:52:05] [ERROR] Error in getRecentVerificationsWithNames {"message":"Ошибка выполнения запроса","limit":5}
[2025-10-13 15:52:05] [DEBUG] Recent verifications result {"count":0,"data":[]}
[2025-10-13 15:52:05] [INFO] Admin statistics retrieved successfully {"stats_summary":{"candidates":"5","verifications":5,"earnings":"202200.00"}}
[2025-10-13 15:52:10] [INFO] AdminController initialized 
[2025-10-13 15:52:10] [INFO] Admin pages Tables 
[2025-10-13 15:54:14] [INFO] AdminController initialized 
[2025-10-13 15:54:14] [INFO] Admin pages Tables 
[2025-10-13 15:54:16] [INFO] AdminController initialized 
[2025-10-13 15:54:16] [INFO] Admin dashboard accessed 
[2025-10-13 15:54:16] [INFO] Getting admin statistics 
[2025-10-13 15:54:16] [DEBUG] Fetching candidate statistics 
[2025-10-13 15:54:16] [DEBUG] Candidate stats {"total":"5","active":"5"}
[2025-10-13 15:54:16] [DEBUG] Fetching verification statistics 
[2025-10-13 15:54:16] [DEBUG] Fetching recent verifications with names 
[2025-10-13 15:54:16] [DEBUG] Getting recent verifications with names {"limit":5}
[2025-10-13 15:54:16] [DEBUG] SQL query prepared {"sql":"SELECT \r\n                v.*, \r\n                c.full_name\r\n            FROM verification_data v\r\n            LEFT JOIN candidates c ON v.courier_id = c.courier_id\r\n            ORDER BY v.created_at DESC \r\n            LIMIT ?"}
[2025-10-13 15:54:16] [ERROR] Error in getRecentVerificationsWithNames {"message":"Ошибка выполнения запроса","limit":5}
[2025-10-13 15:54:16] [DEBUG] Recent verifications result {"count":0,"data":[]}
[2025-10-13 15:54:16] [INFO] Admin statistics retrieved successfully {"stats_summary":{"candidates":"5","verifications":5,"earnings":"202200.00"}}
[2025-10-13 15:54:31] [INFO] AdminController initialized 
[2025-10-13 15:54:31] [INFO] Admin pages Tables 
[2025-10-13 15:55:44] [INFO] AdminController initialized 
[2025-10-13 15:55:44] [INFO] Admin pages Tables 
[2025-10-13 15:56:10] [INFO] AdminController initialized 
[2025-10-13 15:56:10] [INFO] Admin pages Tables 
[2025-10-13 15:56:54] [INFO] AdminController initialized 
[2025-10-13 15:56:54] [INFO] Admin pages Tables 
[2025-10-13 15:58:25] [INFO] AdminController initialized 
[2025-10-13 15:58:25] [INFO] Admin pages Tables 
[2025-10-13 15:58:27] [INFO] AdminController initialized 
[2025-10-13 15:58:27] [INFO] Admin pages Tables 
[2025-10-13 15:58:29] [INFO] AdminController initialized 
[2025-10-13 15:58:29] [INFO] Admin dashboard accessed 
[2025-10-13 15:58:29] [INFO] Getting admin statistics 
[2025-10-13 15:58:29] [DEBUG] Fetching candidate statistics 
[2025-10-13 15:58:29] [DEBUG] Candidate stats {"total":"5","active":"5"}
[2025-10-13 15:58:29] [DEBUG] Fetching verification statistics 
[2025-10-13 15:58:29] [DEBUG] Fetching recent verifications with names 
[2025-10-13 15:58:29] [DEBUG] Getting recent verifications with names {"limit":5}
[2025-10-13 15:58:29] [DEBUG] SQL query prepared {"sql":"SELECT \r\n                v.*, \r\n                c.full_name\r\n            FROM verification_data v\r\n            LEFT JOIN candidates c ON v.courier_id = c.courier_id\r\n            ORDER BY v.created_at DESC \r\n            LIMIT ?"}
[2025-10-13 15:58:29] [ERROR] Error in getRecentVerificationsWithNames {"message":"Ошибка выполнения запроса","limit":5}
[2025-10-13 15:58:29] [DEBUG] Recent verifications result {"count":0,"data":[]}
[2025-10-13 15:58:29] [INFO] Admin statistics retrieved successfully {"stats_summary":{"candidates":"5","verifications":5,"earnings":"202200.00"}}
[2025-10-13 15:59:40] [INFO] AdminController initialized 
[2025-10-13 15:59:40] [INFO] Admin dashboard accessed 
[2025-10-13 15:59:40] [INFO] Getting admin statistics 
[2025-10-13 15:59:40] [DEBUG] Fetching candidate statistics 
[2025-10-13 15:59:40] [DEBUG] Candidate stats {"total":"5","active":"5"}
[2025-10-13 15:59:40] [DEBUG] Fetching verification statistics 
[2025-10-13 15:59:40] [DEBUG] Fetching recent verifications with names 
[2025-10-13 15:59:40] [DEBUG] Getting recent verifications with names {"limit":5}
[2025-10-13 15:59:40] [DEBUG] SQL query prepared {"sql":"SELECT \r\n                v.*, \r\n                c.full_name\r\n            FROM verification_data v\r\n            LEFT JOIN candidates c ON v.courier_id = c.courier_id\r\n            ORDER BY v.created_at DESC \r\n            LIMIT ?"}
[2025-10-13 15:59:40] [ERROR] Error in getRecentVerificationsWithNames {"message":"Ошибка выполнения запроса","limit":5}
[2025-10-13 15:59:40] [DEBUG] Recent verifications result {"count":0,"data":[]}
[2025-10-13 15:59:40] [INFO] Admin statistics retrieved successfully {"stats_summary":{"candidates":"5","verifications":5,"earnings":"202200.00"}}
[2025-10-13 16:01:41] [INFO] AdminController initialized 
[2025-10-13 16:01:41] [INFO] Admin dashboard accessed 
[2025-10-13 16:01:41] [INFO] Getting admin statistics 
[2025-10-13 16:01:41] [DEBUG] Fetching candidate statistics 
[2025-10-13 16:01:41] [DEBUG] Candidate stats {"total":"5","active":"5"}
[2025-10-13 16:01:41] [DEBUG] Fetching verification statistics 
[2025-10-13 16:01:41] [DEBUG] Fetching recent verifications with names 
[2025-10-13 16:01:41] [DEBUG] Getting recent verifications with names {"limit":5}
[2025-10-13 16:01:41] [DEBUG] SQL query prepared {"sql":"SELECT \r\n                v.*, \r\n                c.full_name\r\n            FROM verification_data v\r\n            LEFT JOIN candidates c ON v.courier_id = c.courier_id\r\n            ORDER BY v.created_at DESC \r\n            LIMIT ?"}
[2025-10-13 16:01:41] [ERROR] Error in getRecentVerificationsWithNames {"message":"Ошибка выполнения запроса","limit":5}
[2025-10-13 16:01:41] [DEBUG] Recent verifications result {"count":0,"data":[]}
[2025-10-13 16:01:41] [INFO] Admin statistics retrieved successfully {"stats_summary":{"candidates":"5","verifications":5,"earnings":"202200.00"}}
[2025-10-13 16:02:37] [INFO] AdminController initialized 
[2025-10-13 16:02:37] [INFO] Admin dashboard accessed 
[2025-10-13 16:02:37] [INFO] Getting admin statistics 
[2025-10-13 16:02:37] [DEBUG] Fetching candidate statistics 
[2025-10-13 16:02:37] [DEBUG] Candidate stats {"total":"5","active":"5"}
[2025-10-13 16:02:37] [DEBUG] Fetching verification statistics 
[2025-10-13 16:02:37] [DEBUG] Fetching recent verifications with names 
[2025-10-13 16:02:37] [DEBUG] Getting recent verifications with names {"limit":5}
[2025-10-13 16:02:37] [DEBUG] SQL query prepared {"sql":"SELECT \r\n                v.*, \r\n                c.full_name\r\n            FROM verification_data v\r\n            LEFT JOIN candidates c ON v.courier_id = c.courier_id\r\n            ORDER BY v.created_at DESC \r\n            LIMIT ?"}
[2025-10-13 16:02:37] [ERROR] Error in getRecentVerificationsWithNames {"message":"Ошибка выполнения запроса","limit":5}
[2025-10-13 16:02:37] [DEBUG] Recent verifications result {"count":0,"data":[]}
[2025-10-13 16:02:37] [INFO] Admin statistics retrieved successfully {"stats_summary":{"candidates":"5","verifications":5,"earnings":"202200.00"}}
[2025-10-13 16:02:51] [INFO] AdminController initialized 
[2025-10-13 16:02:51] [INFO] Admin dashboard accessed 
[2025-10-13 16:02:51] [INFO] Getting admin statistics 
[2025-10-13 16:02:51] [DEBUG] Fetching candidate statistics 
[2025-10-13 16:02:51] [DEBUG] Candidate stats {"total":"5","active":"5"}
[2025-10-13 16:02:51] [DEBUG] Fetching verification statistics 
[2025-10-13 16:02:51] [DEBUG] Fetching recent verifications with names 
[2025-10-13 16:02:51] [DEBUG] Getting recent verifications with names {"limit":5}
[2025-10-13 16:02:51] [DEBUG] SQL query prepared {"sql":"SELECT \r\n                v.*, \r\n                c.full_name\r\n            FROM verification_data v\r\n            LEFT JOIN candidates c ON v.courier_id = c.courier_id\r\n            ORDER BY v.created_at DESC \r\n            LIMIT ?"}
[2025-10-13 16:02:51] [ERROR] Error in getRecentVerificationsWithNames {"message":"Ошибка выполнения запроса","limit":5}
[2025-10-13 16:02:51] [DEBUG] Recent verifications result {"count":0,"data":[]}
[2025-10-13 16:02:51] [INFO] Admin statistics retrieved successfully {"stats_summary":{"candidates":"5","verifications":5,"earnings":"202200.00"}}
[2025-10-13 16:03:01] [INFO] AdminController initialized 
[2025-10-13 16:03:01] [INFO] Admin pages Tables 
[2025-10-13 16:04:44] [INFO] AdminController initialized 
[2025-10-13 16:04:44] [INFO] Admin pages Tables 
[2025-10-13 16:05:49] [INFO] AdminController initialized 
[2025-10-13 16:05:49] [INFO] Admin pages Tables 
[2025-10-13 16:05:52] [INFO] AdminController initialized 
[2025-10-13 16:05:52] [INFO] Admin dashboard accessed 
[2025-10-13 16:05:52] [INFO] Getting admin statistics 
[2025-10-13 16:05:52] [DEBUG] Fetching candidate statistics 
[2025-10-13 16:05:52] [DEBUG] Candidate stats {"total":"5","active":"5"}
[2025-10-13 16:05:52] [DEBUG] Fetching verification statistics 
[2025-10-13 16:05:52] [DEBUG] Fetching recent verifications with names 
[2025-10-13 16:05:52] [DEBUG] Getting recent verifications with names {"limit":5}
[2025-10-13 16:05:52] [DEBUG] SQL query prepared {"sql":"SELECT \r\n                v.*, \r\n                c.full_name\r\n            FROM verification_data v\r\n            LEFT JOIN candidates c ON v.courier_id = c.courier_id\r\n            ORDER BY v.created_at DESC \r\n            LIMIT ?"}
[2025-10-13 16:05:52] [ERROR] Error in getRecentVerificationsWithNames {"message":"Ошибка выполнения запроса","limit":5}
[2025-10-13 16:05:52] [DEBUG] Recent verifications result {"count":0,"data":[]}
[2025-10-13 16:05:52] [INFO] Admin statistics retrieved successfully {"stats_summary":{"candidates":"5","verifications":5,"earnings":"202200.00"}}
[2025-10-13 16:05:54] [INFO] AdminController initialized 
[2025-10-13 16:05:54] [INFO] Admin pages Tables 
[2025-10-13 16:05:55] [INFO] AdminController initialized 
[2025-10-13 16:05:55] [INFO] Admin dashboard accessed 
[2025-10-13 16:05:55] [INFO] Getting admin statistics 
[2025-10-13 16:05:55] [DEBUG] Fetching candidate statistics 
[2025-10-13 16:05:55] [DEBUG] Candidate stats {"total":"5","active":"5"}
[2025-10-13 16:05:55] [DEBUG] Fetching verification statistics 
[2025-10-13 16:05:55] [DEBUG] Fetching recent verifications with names 
[2025-10-13 16:05:55] [DEBUG] Getting recent verifications with names {"limit":5}
[2025-10-13 16:05:55] [DEBUG] SQL query prepared {"sql":"SELECT \r\n                v.*, \r\n                c.full_name\r\n            FROM verification_data v\r\n            LEFT JOIN candidates c ON v.courier_id = c.courier_id\r\n            ORDER BY v.created_at DESC \r\n            LIMIT ?"}
[2025-10-13 16:05:55] [ERROR] Error in getRecentVerificationsWithNames {"message":"Ошибка выполнения запроса","limit":5}
[2025-10-13 16:05:55] [DEBUG] Recent verifications result {"count":0,"data":[]}
[2025-10-13 16:05:55] [INFO] Admin statistics retrieved successfully {"stats_summary":{"candidates":"5","verifications":5,"earnings":"202200.00"}}
[2025-10-13 16:05:57] [INFO] AdminController initialized 
[2025-10-13 16:05:57] [INFO] Admin pages Tables 
[2025-10-13 16:06:00] [INFO] AdminController initialized 
[2025-10-13 16:06:00] [INFO] Admin pages Tables 
[2025-10-13 16:06:22] [INFO] AdminController initialized 
[2025-10-13 16:06:22] [INFO] Admin pages Tables 
[2025-10-13 16:06:23] [INFO] AdminController initialized 
[2025-10-13 16:06:23] [INFO] Admin dashboard accessed 
[2025-10-13 16:06:23] [INFO] Getting admin statistics 
[2025-10-13 16:06:23] [DEBUG] Fetching candidate statistics 
[2025-10-13 16:06:23] [DEBUG] Candidate stats {"total":"5","active":"5"}
[2025-10-13 16:06:23] [DEBUG] Fetching verification statistics 
[2025-10-13 16:06:23] [DEBUG] Fetching recent verifications with names 
[2025-10-13 16:06:23] [DEBUG] Getting recent verifications with names {"limit":5}
[2025-10-13 16:06:23] [DEBUG] SQL query prepared {"sql":"SELECT \r\n                v.*, \r\n                c.full_name\r\n            FROM verification_data v\r\n            LEFT JOIN candidates c ON v.courier_id = c.courier_id\r\n            ORDER BY v.created_at DESC \r\n            LIMIT ?"}
[2025-10-13 16:06:23] [ERROR] Error in getRecentVerificationsWithNames {"message":"Ошибка выполнения запроса","limit":5}
[2025-10-13 16:06:23] [DEBUG] Recent verifications result {"count":0,"data":[]}
[2025-10-13 16:06:23] [INFO] Admin statistics retrieved successfully {"stats_summary":{"candidates":"5","verifications":5,"earnings":"202200.00"}}
[2025-10-13 16:06:25] [INFO] AdminController initialized 
[2025-10-13 16:06:25] [INFO] Admin pages Tables 
[2025-10-13 16:06:49] [INFO] AdminController initialized 
[2025-10-13 16:06:49] [INFO] Admin pages Tables 
[2025-10-13 16:06:50] [INFO] AdminController initialized 
[2025-10-13 16:06:50] [INFO] Admin dashboard accessed 
[2025-10-13 16:06:50] [INFO] Getting admin statistics 
[2025-10-13 16:06:50] [DEBUG] Fetching candidate statistics 
[2025-10-13 16:06:50] [DEBUG] Candidate stats {"total":"5","active":"5"}
[2025-10-13 16:06:50] [DEBUG] Fetching verification statistics 
[2025-10-13 16:06:50] [DEBUG] Fetching recent verifications with names 
[2025-10-13 16:06:50] [DEBUG] Getting recent verifications with names {"limit":5}
[2025-10-13 16:06:50] [DEBUG] SQL query prepared {"sql":"SELECT \r\n                v.*, \r\n                c.full_name\r\n            FROM verification_data v\r\n            LEFT JOIN candidates c ON v.courier_id = c.courier_id\r\n            ORDER BY v.created_at DESC \r\n            LIMIT ?"}
[2025-10-13 16:06:50] [ERROR] Error in getRecentVerificationsWithNames {"message":"Ошибка выполнения запроса","limit":5}
[2025-10-13 16:06:50] [DEBUG] Recent verifications result {"count":0,"data":[]}
[2025-10-13 16:06:50] [INFO] Admin statistics retrieved successfully {"stats_summary":{"candidates":"5","verifications":5,"earnings":"202200.00"}}
[2025-10-13 16:07:14] [INFO] AdminController initialized 
[2025-10-13 16:07:14] [INFO] Admin pages Tables 
[2025-10-13 16:07:29] [INFO] AdminController initialized 
[2025-10-13 16:07:29] [INFO] Admin dashboard accessed 
[2025-10-13 16:07:29] [INFO] Getting admin statistics 
[2025-10-13 16:07:29] [DEBUG] Fetching candidate statistics 
[2025-10-13 16:07:29] [DEBUG] Candidate stats {"total":"5","active":"5"}
[2025-10-13 16:07:29] [DEBUG] Fetching verification statistics 
[2025-10-13 16:07:29] [DEBUG] Fetching recent verifications with names 
[2025-10-13 16:07:29] [DEBUG] Getting recent verifications with names {"limit":5}
[2025-10-13 16:07:29] [DEBUG] SQL query prepared {"sql":"SELECT \r\n                v.*, \r\n                c.full_name\r\n            FROM verification_data v\r\n            LEFT JOIN candidates c ON v.courier_id = c.courier_id\r\n            ORDER BY v.created_at DESC \r\n            LIMIT ?"}
[2025-10-13 16:07:29] [ERROR] Error in getRecentVerificationsWithNames {"message":"Ошибка выполнения запроса","limit":5}
[2025-10-13 16:07:29] [DEBUG] Recent verifications result {"count":0,"data":[]}
[2025-10-13 16:07:29] [INFO] Admin statistics retrieved successfully {"stats_summary":{"candidates":"5","verifications":5,"earnings":"202200.00"}}
[2025-10-13 16:07:33] [INFO] AdminController initialized 
[2025-10-13 16:07:33] [INFO] Admin pages Tables 
[2025-10-13 16:07:34] [INFO] AdminController initialized 
[2025-10-13 16:07:34] [INFO] Admin dashboard accessed 
[2025-10-13 16:07:34] [INFO] Getting admin statistics 
[2025-10-13 16:07:34] [DEBUG] Fetching candidate statistics 
[2025-10-13 16:07:34] [DEBUG] Candidate stats {"total":"5","active":"5"}
[2025-10-13 16:07:34] [DEBUG] Fetching verification statistics 
[2025-10-13 16:07:34] [DEBUG] Fetching recent verifications with names 
[2025-10-13 16:07:34] [DEBUG] Getting recent verifications with names {"limit":5}
[2025-10-13 16:07:34] [DEBUG] SQL query prepared {"sql":"SELECT \r\n                v.*, \r\n                c.full_name\r\n            FROM verification_data v\r\n            LEFT JOIN candidates c ON v.courier_id = c.courier_id\r\n            ORDER BY v.created_at DESC \r\n            LIMIT ?"}
[2025-10-13 16:07:34] [ERROR] Error in getRecentVerificationsWithNames {"message":"Ошибка выполнения запроса","limit":5}
[2025-10-13 16:07:34] [DEBUG] Recent verifications result {"count":0,"data":[]}
[2025-10-13 16:07:34] [INFO] Admin statistics retrieved successfully {"stats_summary":{"candidates":"5","verifications":5,"earnings":"202200.00"}}
[2025-10-13 16:07:35] [INFO] AdminController initialized 
[2025-10-13 16:07:35] [INFO] Admin pages Tables 
[2025-10-13 16:07:36] [INFO] AdminController initialized 
[2025-10-13 16:07:36] [INFO] Admin dashboard accessed 
[2025-10-13 16:07:36] [INFO] Getting admin statistics 
[2025-10-13 16:07:36] [DEBUG] Fetching candidate statistics 
[2025-10-13 16:07:36] [DEBUG] Candidate stats {"total":"5","active":"5"}
[2025-10-13 16:07:36] [DEBUG] Fetching verification statistics 
[2025-10-13 16:07:36] [DEBUG] Fetching recent verifications with names 
[2025-10-13 16:07:36] [DEBUG] Getting recent verifications with names {"limit":5}
[2025-10-13 16:07:36] [DEBUG] SQL query prepared {"sql":"SELECT \r\n                v.*, \r\n                c.full_name\r\n            FROM verification_data v\r\n            LEFT JOIN candidates c ON v.courier_id = c.courier_id\r\n            ORDER BY v.created_at DESC \r\n            LIMIT ?"}
[2025-10-13 16:07:36] [ERROR] Error in getRecentVerificationsWithNames {"message":"Ошибка выполнения запроса","limit":5}
[2025-10-13 16:07:36] [DEBUG] Recent verifications result {"count":0,"data":[]}
[2025-10-13 16:07:36] [INFO] Admin statistics retrieved successfully {"stats_summary":{"candidates":"5","verifications":5,"earnings":"202200.00"}}
[2025-10-13 16:07:36] [INFO] AdminController initialized 
[2025-10-13 16:07:36] [INFO] Admin pages Tables 
[2025-10-13 16:08:27] [INFO] AdminController initialized 
[2025-10-13 16:08:27] [INFO] Admin pages Tables 
[2025-10-13 16:08:29] [INFO] AdminController initialized 
[2025-10-13 16:08:29] [INFO] Admin dashboard accessed 
[2025-10-13 16:08:29] [INFO] Getting admin statistics 
[2025-10-13 16:08:29] [DEBUG] Fetching candidate statistics 
[2025-10-13 16:08:29] [DEBUG] Candidate stats {"total":"5","active":"5"}
[2025-10-13 16:08:29] [DEBUG] Fetching verification statistics 
[2025-10-13 16:08:29] [DEBUG] Fetching recent verifications with names 
[2025-10-13 16:08:29] [DEBUG] Getting recent verifications with names {"limit":5}
[2025-10-13 16:08:29] [DEBUG] SQL query prepared {"sql":"SELECT \r\n                v.*, \r\n                c.full_name\r\n            FROM verification_data v\r\n            LEFT JOIN candidates c ON v.courier_id = c.courier_id\r\n            ORDER BY v.created_at DESC \r\n            LIMIT ?"}
[2025-10-13 16:08:29] [ERROR] Error in getRecentVerificationsWithNames {"message":"Ошибка выполнения запроса","limit":5}
[2025-10-13 16:08:29] [DEBUG] Recent verifications result {"count":0,"data":[]}
[2025-10-13 16:08:29] [INFO] Admin statistics retrieved successfully {"stats_summary":{"candidates":"5","verifications":5,"earnings":"202200.00"}}
[2025-10-13 16:08:44] [INFO] AdminController initialized 
[2025-10-13 16:08:44] [INFO] Admin dashboard accessed 
[2025-10-13 16:08:44] [INFO] Getting admin statistics 
[2025-10-13 16:08:44] [DEBUG] Fetching candidate statistics 
[2025-10-13 16:08:44] [DEBUG] Candidate stats {"total":"5","active":"5"}
[2025-10-13 16:08:44] [DEBUG] Fetching verification statistics 
[2025-10-13 16:08:44] [DEBUG] Fetching recent verifications with names 
[2025-10-13 16:08:44] [DEBUG] Getting recent verifications with names {"limit":5}
[2025-10-13 16:08:44] [DEBUG] SQL query prepared {"sql":"SELECT \r\n                v.*, \r\n                c.full_name\r\n            FROM verification_data v\r\n            LEFT JOIN candidates c ON v.courier_id = c.courier_id\r\n            ORDER BY v.created_at DESC \r\n            LIMIT ?"}
[2025-10-13 16:08:44] [ERROR] Error in getRecentVerificationsWithNames {"message":"Ошибка выполнения запроса","limit":5}
[2025-10-13 16:08:44] [DEBUG] Recent verifications result {"count":0,"data":[]}
[2025-10-13 16:08:44] [INFO] Admin statistics retrieved successfully {"stats_summary":{"candidates":"5","verifications":5,"earnings":"202200.00"}}
[2025-10-13 16:08:45] [INFO] AdminController initialized 
[2025-10-13 16:08:45] [INFO] Admin pages Tables 
[2025-10-13 16:08:46] [INFO] AdminController initialized 
[2025-10-13 16:08:46] [INFO] Admin dashboard accessed 
[2025-10-13 16:08:46] [INFO] Getting admin statistics 
[2025-10-13 16:08:46] [DEBUG] Fetching candidate statistics 
[2025-10-13 16:08:46] [DEBUG] Candidate stats {"total":"5","active":"5"}
[2025-10-13 16:08:46] [DEBUG] Fetching verification statistics 
[2025-10-13 16:08:46] [DEBUG] Fetching recent verifications with names 
[2025-10-13 16:08:46] [DEBUG] Getting recent verifications with names {"limit":5}
[2025-10-13 16:08:46] [DEBUG] SQL query prepared {"sql":"SELECT \r\n                v.*, \r\n                c.full_name\r\n            FROM verification_data v\r\n            LEFT JOIN candidates c ON v.courier_id = c.courier_id\r\n            ORDER BY v.created_at DESC \r\n            LIMIT ?"}
[2025-10-13 16:08:46] [ERROR] Error in getRecentVerificationsWithNames {"message":"Ошибка выполнения запроса","limit":5}
[2025-10-13 16:08:46] [DEBUG] Recent verifications result {"count":0,"data":[]}
[2025-10-13 16:08:46] [INFO] Admin statistics retrieved successfully {"stats_summary":{"candidates":"5","verifications":5,"earnings":"202200.00"}}
[2025-10-13 16:08:56] [INFO] AdminController initialized 
[2025-10-13 16:08:56] [INFO] Admin dashboard accessed 
[2025-10-13 16:08:56] [INFO] Getting admin statistics 
[2025-10-13 16:08:56] [DEBUG] Fetching candidate statistics 
[2025-10-13 16:08:56] [DEBUG] Candidate stats {"total":"5","active":"5"}
[2025-10-13 16:08:56] [DEBUG] Fetching verification statistics 
[2025-10-13 16:08:56] [DEBUG] Fetching recent verifications with names 
[2025-10-13 16:08:56] [DEBUG] Getting recent verifications with names {"limit":5}
[2025-10-13 16:08:56] [DEBUG] SQL query prepared {"sql":"SELECT \r\n                v.*, \r\n                c.full_name\r\n            FROM verification_data v\r\n            LEFT JOIN candidates c ON v.courier_id = c.courier_id\r\n            ORDER BY v.created_at DESC \r\n            LIMIT ?"}
[2025-10-13 16:08:56] [ERROR] Error in getRecentVerificationsWithNames {"message":"Ошибка выполнения запроса","limit":5}
[2025-10-13 16:08:56] [DEBUG] Recent verifications result {"count":0,"data":[]}
[2025-10-13 16:08:56] [INFO] Admin statistics retrieved successfully {"stats_summary":{"candidates":"5","verifications":5,"earnings":"202200.00"}}
[2025-10-13 16:08:57] [INFO] AdminController initialized 
[2025-10-13 16:08:57] [INFO] Admin pages Tables 
[2025-10-13 16:10:48] [INFO] AdminController initialized 
[2025-10-13 16:10:48] [INFO] Admin pages Tables 
[2025-10-13 16:10:50] [INFO] AdminController initialized 
[2025-10-13 16:10:50] [INFO] Admin dashboard accessed 
[2025-10-13 16:10:50] [INFO] Getting admin statistics 
[2025-10-13 16:10:50] [DEBUG] Fetching candidate statistics 
[2025-10-13 16:10:50] [DEBUG] Candidate stats {"total":"5","active":"5"}
[2025-10-13 16:10:50] [DEBUG] Fetching verification statistics 
[2025-10-13 16:10:50] [DEBUG] Fetching recent verifications with names 
[2025-10-13 16:10:50] [DEBUG] Getting recent verifications with names {"limit":5}
[2025-10-13 16:10:50] [DEBUG] SQL query prepared {"sql":"SELECT \r\n                v.*, \r\n                c.full_name\r\n            FROM verification_data v\r\n            LEFT JOIN candidates c ON v.courier_id = c.courier_id\r\n            ORDER BY v.created_at DESC \r\n            LIMIT ?"}
[2025-10-13 16:10:50] [ERROR] Error in getRecentVerificationsWithNames {"message":"Ошибка выполнения запроса","limit":5}
[2025-10-13 16:10:50] [DEBUG] Recent verifications result {"count":0,"data":[]}
[2025-10-13 16:10:50] [INFO] Admin statistics retrieved successfully {"stats_summary":{"candidates":"5","verifications":5,"earnings":"202200.00"}}
[2025-10-13 16:11:34] [INFO] AdminController initialized 
[2025-10-13 16:11:34] [INFO] Admin dashboard accessed 
[2025-10-13 16:11:34] [INFO] Getting admin statistics 
[2025-10-13 16:11:34] [DEBUG] Fetching candidate statistics 
[2025-10-13 16:11:34] [DEBUG] Candidate stats {"total":"5","active":"5"}
[2025-10-13 16:11:34] [DEBUG] Fetching verification statistics 
[2025-10-13 16:11:34] [DEBUG] Fetching recent verifications with names 
[2025-10-13 16:11:34] [DEBUG] Getting recent verifications with names {"limit":5}
[2025-10-13 16:11:34] [DEBUG] SQL query prepared {"sql":"SELECT \r\n                v.*, \r\n                c.full_name\r\n            FROM verification_data v\r\n            LEFT JOIN candidates c ON v.courier_id = c.courier_id\r\n            ORDER BY v.created_at DESC \r\n            LIMIT ?"}
[2025-10-13 16:11:34] [ERROR] Error in getRecentVerificationsWithNames {"message":"Ошибка выполнения запроса","limit":5}
[2025-10-13 16:11:34] [DEBUG] Recent verifications result {"count":0,"data":[]}
[2025-10-13 16:11:34] [INFO] Admin statistics retrieved successfully {"stats_summary":{"candidates":"5","verifications":5,"earnings":"202200.00"}}
[2025-10-13 16:11:49] [INFO] AdminController initialized 
[2025-10-13 16:11:49] [INFO] Admin dashboard accessed 
[2025-10-13 16:11:49] [INFO] Getting admin statistics 
[2025-10-13 16:11:49] [DEBUG] Fetching candidate statistics 
[2025-10-13 16:11:49] [DEBUG] Candidate stats {"total":"5","active":"5"}
[2025-10-13 16:11:49] [DEBUG] Fetching verification statistics 
[2025-10-13 16:11:49] [DEBUG] Fetching recent verifications with names 
[2025-10-13 16:11:49] [DEBUG] Getting recent verifications with names {"limit":5}
[2025-10-13 16:11:49] [DEBUG] SQL query prepared {"sql":"SELECT \r\n                v.*, \r\n                c.full_name\r\n            FROM verification_data v\r\n            LEFT JOIN candidates c ON v.courier_id = c.courier_id\r\n            ORDER BY v.created_at DESC \r\n            LIMIT ?"}
[2025-10-13 16:11:49] [ERROR] Error in getRecentVerificationsWithNames {"message":"Ошибка выполнения запроса","limit":5}
[2025-10-13 16:11:49] [DEBUG] Recent verifications result {"count":0,"data":[]}
[2025-10-13 16:11:49] [INFO] Admin statistics retrieved successfully {"stats_summary":{"candidates":"5","verifications":5,"earnings":"202200.00"}}
[2025-10-13 16:11:49] [INFO] AdminController initialized 
[2025-10-13 16:11:49] [INFO] Admin dashboard accessed 
[2025-10-13 16:11:49] [INFO] Getting admin statistics 
[2025-10-13 16:11:49] [DEBUG] Fetching candidate statistics 
[2025-10-13 16:11:49] [DEBUG] Candidate stats {"total":"5","active":"5"}
[2025-10-13 16:11:49] [DEBUG] Fetching verification statistics 
[2025-10-13 16:11:49] [DEBUG] Fetching recent verifications with names 
[2025-10-13 16:11:49] [DEBUG] Getting recent verifications with names {"limit":5}
[2025-10-13 16:11:49] [DEBUG] SQL query prepared {"sql":"SELECT \r\n                v.*, \r\n                c.full_name\r\n            FROM verification_data v\r\n            LEFT JOIN candidates c ON v.courier_id = c.courier_id\r\n            ORDER BY v.created_at DESC \r\n            LIMIT ?"}
[2025-10-13 16:11:49] [ERROR] Error in getRecentVerificationsWithNames {"message":"Ошибка выполнения запроса","limit":5}
[2025-10-13 16:11:49] [DEBUG] Recent verifications result {"count":0,"data":[]}
[2025-10-13 16:11:49] [INFO] Admin statistics retrieved successfully {"stats_summary":{"candidates":"5","verifications":5,"earnings":"202200.00"}}
[2025-10-13 16:11:51] [INFO] AdminController initialized 
[2025-10-13 16:11:51] [INFO] Admin dashboard accessed 
[2025-10-13 16:11:51] [INFO] Getting admin statistics 
[2025-10-13 16:11:51] [DEBUG] Fetching candidate statistics 
[2025-10-13 16:11:51] [DEBUG] Candidate stats {"total":"5","active":"5"}
[2025-10-13 16:11:51] [DEBUG] Fetching verification statistics 
[2025-10-13 16:11:51] [DEBUG] Fetching recent verifications with names 
[2025-10-13 16:11:51] [DEBUG] Getting recent verifications with names {"limit":5}
[2025-10-13 16:11:51] [DEBUG] SQL query prepared {"sql":"SELECT \r\n                v.*, \r\n                c.full_name\r\n            FROM verification_data v\r\n            LEFT JOIN candidates c ON v.courier_id = c.courier_id\r\n            ORDER BY v.created_at DESC \r\n            LIMIT ?"}
[2025-10-13 16:11:51] [ERROR] Error in getRecentVerificationsWithNames {"message":"Ошибка выполнения запроса","limit":5}
[2025-10-13 16:11:51] [DEBUG] Recent verifications result {"count":0,"data":[]}
[2025-10-13 16:11:51] [INFO] Admin statistics retrieved successfully {"stats_summary":{"candidates":"5","verifications":5,"earnings":"202200.00"}}
[2025-10-13 16:11:52] [INFO] AdminController initialized 
[2025-10-13 16:11:52] [INFO] Admin pages Tables 
[2025-10-13 16:12:01] [INFO] AdminController initialized 
[2025-10-13 16:12:01] [INFO] Admin pages Tables 
[2025-10-13 16:12:17] [INFO] AdminController initialized 
[2025-10-13 16:12:17] [INFO] Admin pages Tables 
[2025-10-13 16:12:34] [INFO] AdminController initialized 
[2025-10-13 16:12:34] [INFO] Admin dashboard accessed 
[2025-10-13 16:12:34] [INFO] Getting admin statistics 
[2025-10-13 16:12:34] [DEBUG] Fetching candidate statistics 
[2025-10-13 16:12:34] [DEBUG] Candidate stats {"total":"5","active":"5"}
[2025-10-13 16:12:34] [DEBUG] Fetching verification statistics 
[2025-10-13 16:12:34] [DEBUG] Fetching recent verifications with names 
[2025-10-13 16:12:34] [DEBUG] Getting recent verifications with names {"limit":5}
[2025-10-13 16:12:34] [DEBUG] SQL query prepared {"sql":"SELECT \r\n                v.*, \r\n                c.full_name\r\n            FROM verification_data v\r\n            LEFT JOIN candidates c ON v.courier_id = c.courier_id\r\n            ORDER BY v.created_at DESC \r\n            LIMIT ?"}
[2025-10-13 16:12:34] [ERROR] Error in getRecentVerificationsWithNames {"message":"Ошибка выполнения запроса","limit":5}
[2025-10-13 16:12:34] [DEBUG] Recent verifications result {"count":0,"data":[]}
[2025-10-13 16:12:34] [INFO] Admin statistics retrieved successfully {"stats_summary":{"candidates":"5","verifications":5,"earnings":"202200.00"}}
[2025-10-13 16:12:36] [INFO] AdminController initialized 
[2025-10-13 16:12:36] [INFO] Admin pages Tables 
[2025-10-13 16:13:29] [INFO] AdminController initialized 
[2025-10-13 16:13:29] [INFO] Admin pages Tables 
[2025-10-13 16:13:30] [INFO] AdminController initialized 
[2025-10-13 16:13:30] [INFO] Admin pages Tables 
[2025-10-13 16:13:45] [INFO] AdminController initialized 
[2025-10-13 16:13:45] [INFO] Admin pages Tables 
[2025-10-13 16:13:46] [INFO] AdminController initialized 
[2025-10-13 16:13:46] [INFO] Admin pages Tables 
[2025-10-13 16:13:47] [INFO] AdminController initialized 
[2025-10-13 16:13:47] [INFO] Admin dashboard accessed 
[2025-10-13 16:13:47] [INFO] Getting admin statistics 
[2025-10-13 16:13:47] [DEBUG] Fetching candidate statistics 
[2025-10-13 16:13:47] [DEBUG] Candidate stats {"total":"5","active":"5"}
[2025-10-13 16:13:47] [DEBUG] Fetching verification statistics 
[2025-10-13 16:13:47] [DEBUG] Fetching recent verifications with names 
[2025-10-13 16:13:47] [DEBUG] Getting recent verifications with names {"limit":5}
[2025-10-13 16:13:47] [DEBUG] SQL query prepared {"sql":"SELECT \r\n                v.*, \r\n                c.full_name\r\n            FROM verification_data v\r\n            LEFT JOIN candidates c ON v.courier_id = c.courier_id\r\n            ORDER BY v.created_at DESC \r\n            LIMIT ?"}
[2025-10-13 16:13:47] [ERROR] Error in getRecentVerificationsWithNames {"message":"Ошибка выполнения запроса","limit":5}
[2025-10-13 16:13:47] [DEBUG] Recent verifications result {"count":0,"data":[]}
[2025-10-13 16:13:47] [INFO] Admin statistics retrieved successfully {"stats_summary":{"candidates":"5","verifications":5,"earnings":"202200.00"}}
[2025-10-13 16:13:48] [INFO] AdminController initialized 
[2025-10-13 16:13:48] [INFO] Admin pages Tables 
[2025-10-13 16:13:49] [INFO] AdminController initialized 
[2025-10-13 16:13:49] [INFO] Admin pages Tables 
[2025-10-13 16:14:01] [INFO] AdminController initialized 
[2025-10-13 16:14:01] [INFO] Admin pages Tables 
[2025-10-13 16:14:51] [INFO] AdminController initialized 
[2025-10-13 16:14:51] [INFO] Admin dashboard accessed 
[2025-10-13 16:14:51] [INFO] Getting admin statistics 
[2025-10-13 16:14:51] [DEBUG] Fetching candidate statistics 
[2025-10-13 16:14:51] [DEBUG] Candidate stats {"total":"5","active":"5"}
[2025-10-13 16:14:51] [DEBUG] Fetching verification statistics 
[2025-10-13 16:14:51] [DEBUG] Fetching recent verifications with names 
[2025-10-13 16:14:51] [DEBUG] Getting recent verifications with names {"limit":5}
[2025-10-13 16:14:51] [DEBUG] SQL query prepared {"sql":"SELECT \r\n                v.*, \r\n                c.full_name\r\n            FROM verification_data v\r\n            LEFT JOIN candidates c ON v.courier_id = c.courier_id\r\n            ORDER BY v.created_at DESC \r\n            LIMIT ?"}
[2025-10-13 16:14:51] [ERROR] Error in getRecentVerificationsWithNames {"message":"Ошибка выполнения запроса","limit":5}
[2025-10-13 16:14:51] [DEBUG] Recent verifications result {"count":0,"data":[]}
[2025-10-13 16:14:51] [INFO] Admin statistics retrieved successfully {"stats_summary":{"candidates":"5","verifications":5,"earnings":"202200.00"}}
[2025-10-13 16:23:32] [INFO] AdminController initialized 
[2025-10-13 16:23:32] [INFO] Admin dashboard accessed 
[2025-10-13 16:23:32] [INFO] Getting admin statistics 
[2025-10-13 16:23:32] [DEBUG] Fetching candidate statistics 
[2025-10-13 16:23:32] [DEBUG] Candidate stats {"total":"5","active":"5"}
[2025-10-13 16:23:32] [DEBUG] Fetching verification statistics 
[2025-10-13 16:23:32] [DEBUG] Fetching recent verifications with names 
[2025-10-13 16:23:32] [DEBUG] Getting recent verifications with names {"limit":5}
[2025-10-13 16:23:32] [DEBUG] SQL query prepared {"sql":"SELECT \r\n                v.*, \r\n                c.full_name\r\n            FROM verification_data v\r\n            LEFT JOIN candidates c ON v.courier_id = c.courier_id\r\n            ORDER BY v.created_at DESC \r\n            LIMIT ?"}
[2025-10-13 16:23:32] [ERROR] Error in getRecentVerificationsWithNames {"message":"Ошибка выполнения запроса","limit":5}
[2025-10-13 16:23:32] [DEBUG] Recent verifications result {"count":0,"data":[]}
[2025-10-13 16:23:32] [INFO] Admin statistics retrieved successfully {"stats_summary":{"candidates":"5","verifications":5,"earnings":"202200.00"}}
[2025-10-13 16:23:56] [INFO] AdminController initialized 
[2025-10-13 16:23:56] [INFO] Admin dashboard accessed 
[2025-10-13 16:23:56] [INFO] Getting admin statistics 
[2025-10-13 16:23:56] [DEBUG] Fetching candidate statistics 
[2025-10-13 16:23:56] [DEBUG] Candidate stats {"total":"5","active":"5"}
[2025-10-13 16:23:56] [DEBUG] Fetching verification statistics 
[2025-10-13 16:23:56] [DEBUG] Fetching recent verifications with names 
[2025-10-13 16:23:56] [DEBUG] Getting recent verifications with names {"limit":5}
[2025-10-13 16:23:56] [DEBUG] SQL query prepared {"sql":"SELECT \r\n                v.*, \r\n                c.full_name\r\n            FROM verification_data v\r\n            LEFT JOIN candidates c ON v.courier_id = c.courier_id\r\n            ORDER BY v.created_at DESC \r\n            LIMIT ?"}
[2025-10-13 16:23:56] [ERROR] Error in getRecentVerificationsWithNames {"message":"Ошибка выполнения запроса","limit":5}
[2025-10-13 16:23:56] [DEBUG] Recent verifications result {"count":0,"data":[]}
[2025-10-13 16:23:56] [INFO] Admin statistics retrieved successfully {"stats_summary":{"candidates":"5","verifications":5,"earnings":"202200.00"}}
[2025-10-13 16:23:59] [INFO] AdminController initialized 
[2025-10-13 16:23:59] [INFO] Admin dashboard accessed 
[2025-10-13 16:23:59] [INFO] Getting admin statistics 
[2025-10-13 16:23:59] [DEBUG] Fetching candidate statistics 
[2025-10-13 16:23:59] [DEBUG] Candidate stats {"total":"5","active":"5"}
[2025-10-13 16:23:59] [DEBUG] Fetching verification statistics 
[2025-10-13 16:23:59] [DEBUG] Fetching recent verifications with names 
[2025-10-13 16:23:59] [DEBUG] Getting recent verifications with names {"limit":5}
[2025-10-13 16:23:59] [DEBUG] SQL query prepared {"sql":"SELECT \r\n                v.*, \r\n                c.full_name\r\n            FROM verification_data v\r\n            LEFT JOIN candidates c ON v.courier_id = c.courier_id\r\n            ORDER BY v.created_at DESC \r\n            LIMIT ?"}
[2025-10-13 16:23:59] [ERROR] Error in getRecentVerificationsWithNames {"message":"Ошибка выполнения запроса","limit":5}
[2025-10-13 16:23:59] [DEBUG] Recent verifications result {"count":0,"data":[]}
[2025-10-13 16:23:59] [INFO] Admin statistics retrieved successfully {"stats_summary":{"candidates":"5","verifications":5,"earnings":"202200.00"}}
[2025-10-13 16:24:01] [INFO] AdminController initialized 
[2025-10-13 16:24:01] [INFO] Admin pages Tables 
[2025-10-13 16:24:36] [INFO] AdminController initialized 
[2025-10-13 16:24:36] [INFO] Admin dashboard accessed 
[2025-10-13 16:24:36] [INFO] Getting admin statistics 
[2025-10-13 16:24:36] [DEBUG] Fetching candidate statistics 
[2025-10-13 16:24:36] [DEBUG] Candidate stats {"total":"5","active":"5"}
[2025-10-13 16:24:36] [DEBUG] Fetching verification statistics 
[2025-10-13 16:24:36] [DEBUG] Fetching recent verifications with names 
[2025-10-13 16:24:36] [DEBUG] Getting recent verifications with names {"limit":5}
[2025-10-13 16:24:36] [DEBUG] SQL query prepared {"sql":"SELECT \r\n                v.*, \r\n                c.full_name\r\n            FROM verification_data v\r\n            LEFT JOIN candidates c ON v.courier_id = c.courier_id\r\n            ORDER BY v.created_at DESC \r\n            LIMIT ?"}
[2025-10-13 16:24:36] [ERROR] Error in getRecentVerificationsWithNames {"message":"Ошибка выполнения запроса","limit":5}
[2025-10-13 16:24:36] [DEBUG] Recent verifications result {"count":0,"data":[]}
[2025-10-13 16:24:36] [INFO] Admin statistics retrieved successfully {"stats_summary":{"candidates":"5","verifications":5,"earnings":"202200.00"}}
[2025-10-13 16:24:36] [INFO] AdminController initialized 
[2025-10-13 16:24:36] [INFO] Admin pages Tables 
[2025-10-13 16:25:16] [INFO] AdminController initialized 
[2025-10-13 16:25:16] [INFO] Admin dashboard accessed 
[2025-10-13 16:25:16] [INFO] Getting admin statistics 
[2025-10-13 16:25:16] [DEBUG] Fetching candidate statistics 
[2025-10-13 16:25:16] [DEBUG] Candidate stats {"total":"5","active":"5"}
[2025-10-13 16:25:16] [DEBUG] Fetching verification statistics 
[2025-10-13 16:25:16] [DEBUG] Fetching recent verifications with names 
[2025-10-13 16:25:16] [DEBUG] Getting recent verifications with names {"limit":5}
[2025-10-13 16:25:16] [DEBUG] SQL query prepared {"sql":"SELECT \r\n                v.*, \r\n                c.full_name\r\n            FROM verification_data v\r\n            LEFT JOIN candidates c ON v.courier_id = c.courier_id\r\n            ORDER BY v.created_at DESC \r\n            LIMIT ?"}
[2025-10-13 16:25:16] [ERROR] Error in getRecentVerificationsWithNames {"message":"Ошибка выполнения запроса","limit":5}
[2025-10-13 16:25:16] [DEBUG] Recent verifications result {"count":0,"data":[]}
[2025-10-13 16:25:16] [INFO] Admin statistics retrieved successfully {"stats_summary":{"candidates":"5","verifications":5,"earnings":"202200.00"}}
[2025-10-13 16:25:17] [INFO] AdminController initialized 
[2025-10-13 16:25:17] [INFO] Admin pages Tables 
[2025-10-13 16:27:30] [INFO] AdminController initialized 
[2025-10-13 16:27:30] [INFO] Admin dashboard accessed 
[2025-10-13 16:27:30] [INFO] Getting admin statistics 
[2025-10-13 16:27:30] [DEBUG] Fetching candidate statistics 
[2025-10-13 16:27:30] [DEBUG] Candidate stats {"total":"5","active":"5"}
[2025-10-13 16:27:30] [DEBUG] Fetching verification statistics 
[2025-10-13 16:27:30] [DEBUG] Fetching recent verifications with names 
[2025-10-13 16:27:30] [DEBUG] Getting recent verifications with names {"limit":5}
[2025-10-13 16:27:30] [DEBUG] SQL query prepared {"sql":"SELECT \r\n                v.*, \r\n                c.full_name\r\n            FROM verification_data v\r\n            LEFT JOIN candidates c ON v.courier_id = c.courier_id\r\n            ORDER BY v.created_at DESC \r\n            LIMIT ?"}
[2025-10-13 16:27:30] [ERROR] Error in getRecentVerificationsWithNames {"message":"Ошибка выполнения запроса","limit":5}
[2025-10-13 16:27:30] [DEBUG] Recent verifications result {"count":0,"data":[]}
[2025-10-13 16:27:30] [INFO] Admin statistics retrieved successfully {"stats_summary":{"candidates":"5","verifications":5,"earnings":"202200.00"}}
[2025-10-13 16:27:32] [INFO] AdminController initialized 
[2025-10-13 16:27:32] [INFO] Admin dashboard accessed 
[2025-10-13 16:27:32] [INFO] Getting admin statistics 
[2025-10-13 16:27:32] [DEBUG] Fetching candidate statistics 
[2025-10-13 16:27:32] [DEBUG] Candidate stats {"total":"5","active":"5"}
[2025-10-13 16:27:32] [DEBUG] Fetching verification statistics 
[2025-10-13 16:27:32] [DEBUG] Fetching recent verifications with names 
[2025-10-13 16:27:32] [DEBUG] Getting recent verifications with names {"limit":5}
[2025-10-13 16:27:32] [DEBUG] SQL query prepared {"sql":"SELECT \r\n                v.*, \r\n                c.full_name\r\n            FROM verification_data v\r\n            LEFT JOIN candidates c ON v.courier_id = c.courier_id\r\n            ORDER BY v.created_at DESC \r\n            LIMIT ?"}
[2025-10-13 16:27:32] [ERROR] Error in getRecentVerificationsWithNames {"message":"Ошибка выполнения запроса","limit":5}
[2025-10-13 16:27:32] [DEBUG] Recent verifications result {"count":0,"data":[]}
[2025-10-13 16:27:32] [INFO] Admin statistics retrieved successfully {"stats_summary":{"candidates":"5","verifications":5,"earnings":"202200.00"}}
[2025-10-13 16:27:59] [INFO] AdminController initialized 
[2025-10-13 16:27:59] [INFO] Admin dashboard accessed 
[2025-10-13 16:27:59] [INFO] Getting admin statistics 
[2025-10-13 16:27:59] [DEBUG] Fetching candidate statistics 
[2025-10-13 16:27:59] [DEBUG] Candidate stats {"total":"5","active":"5"}
[2025-10-13 16:27:59] [DEBUG] Fetching verification statistics 
[2025-10-13 16:27:59] [DEBUG] Fetching recent verifications with names 
[2025-10-13 16:27:59] [DEBUG] Getting recent verifications with names {"limit":5}
[2025-10-13 16:27:59] [DEBUG] SQL query prepared {"sql":"SELECT \r\n                v.*, \r\n                c.full_name\r\n            FROM verification_data v\r\n            LEFT JOIN candidates c ON v.courier_id = c.courier_id\r\n            ORDER BY v.created_at DESC \r\n            LIMIT ?"}
[2025-10-13 16:27:59] [ERROR] Error in getRecentVerificationsWithNames {"message":"Ошибка выполнения запроса","limit":5}
[2025-10-13 16:27:59] [DEBUG] Recent verifications result {"count":0,"data":[]}
[2025-10-13 16:27:59] [INFO] Admin statistics retrieved successfully {"stats_summary":{"candidates":"5","verifications":5,"earnings":"202200.00"}}
[2025-10-13 16:28:23] [INFO] AdminController initialized 
[2025-10-13 16:28:23] [INFO] Admin dashboard accessed 
[2025-10-13 16:28:23] [INFO] Getting admin statistics 
[2025-10-13 16:28:23] [DEBUG] Fetching candidate statistics 
[2025-10-13 16:28:23] [DEBUG] Candidate stats {"total":"5","active":"5"}
[2025-10-13 16:28:23] [DEBUG] Fetching verification statistics 
[2025-10-13 16:28:23] [DEBUG] Fetching recent verifications with names 
[2025-10-13 16:28:23] [DEBUG] Getting recent verifications with names {"limit":5}
[2025-10-13 16:28:23] [DEBUG] SQL query prepared {"sql":"SELECT \r\n                v.*, \r\n                c.full_name\r\n            FROM verification_data v\r\n            LEFT JOIN candidates c ON v.courier_id = c.courier_id\r\n            ORDER BY v.created_at DESC \r\n            LIMIT ?"}
[2025-10-13 16:28:23] [ERROR] Error in getRecentVerificationsWithNames {"message":"Ошибка выполнения запроса","limit":5}
[2025-10-13 16:28:23] [DEBUG] Recent verifications result {"count":0,"data":[]}
[2025-10-13 16:28:23] [INFO] Admin statistics retrieved successfully {"stats_summary":{"candidates":"5","verifications":5,"earnings":"202200.00"}}
[2025-10-13 16:28:25] [INFO] AdminController initialized 
[2025-10-13 16:28:25] [INFO] Admin dashboard accessed 
[2025-10-13 16:28:25] [INFO] Getting admin statistics 
[2025-10-13 16:28:25] [DEBUG] Fetching candidate statistics 
[2025-10-13 16:28:25] [DEBUG] Candidate stats {"total":"5","active":"5"}
[2025-10-13 16:28:25] [DEBUG] Fetching verification statistics 
[2025-10-13 16:28:25] [DEBUG] Fetching recent verifications with names 
[2025-10-13 16:28:25] [DEBUG] Getting recent verifications with names {"limit":5}
[2025-10-13 16:28:25] [DEBUG] SQL query prepared {"sql":"SELECT \r\n                v.*, \r\n                c.full_name\r\n            FROM verification_data v\r\n            LEFT JOIN candidates c ON v.courier_id = c.courier_id\r\n            ORDER BY v.created_at DESC \r\n            LIMIT ?"}
[2025-10-13 16:28:25] [ERROR] Error in getRecentVerificationsWithNames {"message":"Ошибка выполнения запроса","limit":5}
[2025-10-13 16:28:25] [DEBUG] Recent verifications result {"count":0,"data":[]}
[2025-10-13 16:28:25] [INFO] Admin statistics retrieved successfully {"stats_summary":{"candidates":"5","verifications":5,"earnings":"202200.00"}}
[2025-10-13 16:28:39] [INFO] AdminController initialized 
[2025-10-13 16:28:39] [INFO] Admin dashboard accessed 
[2025-10-13 16:28:39] [INFO] Getting admin statistics 
[2025-10-13 16:28:39] [DEBUG] Fetching candidate statistics 
[2025-10-13 16:28:39] [DEBUG] Candidate stats {"total":"5","active":"5"}
[2025-10-13 16:28:39] [DEBUG] Fetching verification statistics 
[2025-10-13 16:28:39] [DEBUG] Fetching recent verifications with names 
[2025-10-13 16:28:39] [DEBUG] Getting recent verifications with names {"limit":5}
[2025-10-13 16:28:39] [DEBUG] SQL query prepared {"sql":"SELECT \r\n                v.*, \r\n                c.full_name\r\n            FROM verification_data v\r\n            LEFT JOIN candidates c ON v.courier_id = c.courier_id\r\n            ORDER BY v.created_at DESC \r\n            LIMIT ?"}
[2025-10-13 16:28:39] [ERROR] Error in getRecentVerificationsWithNames {"message":"Ошибка выполнения запроса","limit":5}
[2025-10-13 16:28:39] [DEBUG] Recent verifications result {"count":0,"data":[]}
[2025-10-13 16:28:39] [INFO] Admin statistics retrieved successfully {"stats_summary":{"candidates":"5","verifications":5,"earnings":"202200.00"}}
[2025-10-13 16:28:56] [INFO] AdminController initialized 
[2025-10-13 16:28:56] [INFO] Admin dashboard accessed 
[2025-10-13 16:28:56] [INFO] Getting admin statistics 
[2025-10-13 16:28:56] [DEBUG] Fetching candidate statistics 
[2025-10-13 16:28:56] [DEBUG] Candidate stats {"total":"5","active":"5"}
[2025-10-13 16:28:56] [DEBUG] Fetching verification statistics 
[2025-10-13 16:28:56] [DEBUG] Fetching recent verifications with names 
[2025-10-13 16:28:56] [DEBUG] Getting recent verifications with names {"limit":5}
[2025-10-13 16:28:56] [DEBUG] SQL query prepared {"sql":"SELECT \r\n                v.*, \r\n                c.full_name\r\n            FROM verification_data v\r\n            LEFT JOIN candidates c ON v.courier_id = c.courier_id\r\n            ORDER BY v.created_at DESC \r\n            LIMIT ?"}
[2025-10-13 16:28:56] [ERROR] Error in getRecentVerificationsWithNames {"message":"Ошибка выполнения запроса","limit":5}
[2025-10-13 16:28:56] [DEBUG] Recent verifications result {"count":0,"data":[]}
[2025-10-13 16:28:56] [INFO] Admin statistics retrieved successfully {"stats_summary":{"candidates":"5","verifications":5,"earnings":"202200.00"}}
[2025-10-13 16:29:19] [INFO] AdminController initialized 
[2025-10-13 16:29:19] [INFO] Admin pages Tables 
[2025-10-13 16:29:19] [INFO] AdminController initialized 
[2025-10-13 16:29:19] [INFO] Admin dashboard accessed 
[2025-10-13 16:29:19] [INFO] Getting admin statistics 
[2025-10-13 16:29:19] [DEBUG] Fetching candidate statistics 
[2025-10-13 16:29:19] [DEBUG] Candidate stats {"total":"5","active":"5"}
[2025-10-13 16:29:19] [DEBUG] Fetching verification statistics 
[2025-10-13 16:29:19] [DEBUG] Fetching recent verifications with names 
[2025-10-13 16:29:19] [DEBUG] Getting recent verifications with names {"limit":5}
[2025-10-13 16:29:19] [DEBUG] SQL query prepared {"sql":"SELECT \r\n                v.*, \r\n                c.full_name\r\n            FROM verification_data v\r\n            LEFT JOIN candidates c ON v.courier_id = c.courier_id\r\n            ORDER BY v.created_at DESC \r\n            LIMIT ?"}
[2025-10-13 16:29:19] [ERROR] Error in getRecentVerificationsWithNames {"message":"Ошибка выполнения запроса","limit":5}
[2025-10-13 16:29:19] [DEBUG] Recent verifications result {"count":0,"data":[]}
[2025-10-13 16:29:19] [INFO] Admin statistics retrieved successfully {"stats_summary":{"candidates":"5","verifications":5,"earnings":"202200.00"}}
[2025-10-13 16:29:20] [INFO] AdminController initialized 
[2025-10-13 16:29:20] [INFO] Admin pages Tables 
[2025-10-13 16:29:21] [INFO] AdminController initialized 
[2025-10-13 16:29:21] [INFO] Admin dashboard accessed 
[2025-10-13 16:29:21] [INFO] Getting admin statistics 
[2025-10-13 16:29:21] [DEBUG] Fetching candidate statistics 
[2025-10-13 16:29:21] [DEBUG] Candidate stats {"total":"5","active":"5"}
[2025-10-13 16:29:21] [DEBUG] Fetching verification statistics 
[2025-10-13 16:29:21] [DEBUG] Fetching recent verifications with names 
[2025-10-13 16:29:21] [DEBUG] Getting recent verifications with names {"limit":5}
[2025-10-13 16:29:21] [DEBUG] SQL query prepared {"sql":"SELECT \r\n                v.*, \r\n                c.full_name\r\n            FROM verification_data v\r\n            LEFT JOIN candidates c ON v.courier_id = c.courier_id\r\n            ORDER BY v.created_at DESC \r\n            LIMIT ?"}
[2025-10-13 16:29:21] [ERROR] Error in getRecentVerificationsWithNames {"message":"Ошибка выполнения запроса","limit":5}
[2025-10-13 16:29:21] [DEBUG] Recent verifications result {"count":0,"data":[]}
[2025-10-13 16:29:21] [INFO] Admin statistics retrieved successfully {"stats_summary":{"candidates":"5","verifications":5,"earnings":"202200.00"}}
[2025-10-13 16:29:22] [INFO] AdminController initialized 
[2025-10-13 16:29:22] [INFO] Admin pages Tables 
[2025-10-13 16:29:22] [INFO] AdminController initialized 
[2025-10-13 16:29:22] [INFO] Admin dashboard accessed 
[2025-10-13 16:29:22] [INFO] Getting admin statistics 
[2025-10-13 16:29:22] [DEBUG] Fetching candidate statistics 
[2025-10-13 16:29:22] [DEBUG] Candidate stats {"total":"5","active":"5"}
[2025-10-13 16:29:22] [DEBUG] Fetching verification statistics 
[2025-10-13 16:29:22] [DEBUG] Fetching recent verifications with names 
[2025-10-13 16:29:22] [DEBUG] Getting recent verifications with names {"limit":5}
[2025-10-13 16:29:22] [DEBUG] SQL query prepared {"sql":"SELECT \r\n                v.*, \r\n                c.full_name\r\n            FROM verification_data v\r\n            LEFT JOIN candidates c ON v.courier_id = c.courier_id\r\n            ORDER BY v.created_at DESC \r\n            LIMIT ?"}
[2025-10-13 16:29:22] [ERROR] Error in getRecentVerificationsWithNames {"message":"Ошибка выполнения запроса","limit":5}
[2025-10-13 16:29:22] [DEBUG] Recent verifications result {"count":0,"data":[]}
[2025-10-13 16:29:22] [INFO] Admin statistics retrieved successfully {"stats_summary":{"candidates":"5","verifications":5,"earnings":"202200.00"}}
[2025-10-13 16:29:23] [INFO] AdminController initialized 
[2025-10-13 16:29:23] [INFO] Admin pages Tables 
[2025-10-13 16:32:33] [INFO] AdminController initialized 
[2025-10-13 16:32:33] [INFO] Admin pages Tables 
[2025-10-13 16:32:37] [INFO] AdminController initialized 
[2025-10-13 16:32:37] [INFO] Admin dashboard accessed 
[2025-10-13 16:32:37] [INFO] Getting admin statistics 
[2025-10-13 16:32:37] [DEBUG] Fetching candidate statistics 
[2025-10-13 16:32:37] [DEBUG] Candidate stats {"total":"5","active":"5"}
[2025-10-13 16:32:37] [DEBUG] Fetching verification statistics 
[2025-10-13 16:32:37] [DEBUG] Fetching recent verifications with names 
[2025-10-13 16:32:37] [DEBUG] Getting recent verifications with names {"limit":5}
[2025-10-13 16:32:37] [DEBUG] SQL query prepared {"sql":"SELECT \r\n                v.*, \r\n                c.full_name\r\n            FROM verification_data v\r\n            LEFT JOIN candidates c ON v.courier_id = c.courier_id\r\n            ORDER BY v.created_at DESC \r\n            LIMIT ?"}
[2025-10-13 16:32:37] [ERROR] Error in getRecentVerificationsWithNames {"message":"Ошибка выполнения запроса","limit":5}
[2025-10-13 16:32:37] [DEBUG] Recent verifications result {"count":0,"data":[]}
[2025-10-13 16:32:37] [INFO] Admin statistics retrieved successfully {"stats_summary":{"candidates":"5","verifications":5,"earnings":"202200.00"}}
[2025-10-13 16:32:37] [INFO] AdminController initialized 
[2025-10-13 16:32:37] [INFO] Admin dashboard accessed 
[2025-10-13 16:32:37] [INFO] Getting admin statistics 
[2025-10-13 16:32:37] [DEBUG] Fetching candidate statistics 
[2025-10-13 16:32:37] [DEBUG] Candidate stats {"total":"5","active":"5"}
[2025-10-13 16:32:37] [DEBUG] Fetching verification statistics 
[2025-10-13 16:32:37] [DEBUG] Fetching recent verifications with names 
[2025-10-13 16:32:37] [DEBUG] Getting recent verifications with names {"limit":5}
[2025-10-13 16:32:37] [DEBUG] SQL query prepared {"sql":"SELECT \r\n                v.*, \r\n                c.full_name\r\n            FROM verification_data v\r\n            LEFT JOIN candidates c ON v.courier_id = c.courier_id\r\n            ORDER BY v.created_at DESC \r\n            LIMIT ?"}
[2025-10-13 16:32:37] [ERROR] Error in getRecentVerificationsWithNames {"message":"Ошибка выполнения запроса","limit":5}
[2025-10-13 16:32:37] [DEBUG] Recent verifications result {"count":0,"data":[]}
[2025-10-13 16:32:37] [INFO] Admin statistics retrieved successfully {"stats_summary":{"candidates":"5","verifications":5,"earnings":"202200.00"}}
[2025-10-13 16:32:38] [INFO] AdminController initialized 
[2025-10-13 16:32:38] [INFO] Admin pages Tables 
[2025-10-13 16:33:02] [INFO] AdminController initialized 
[2025-10-13 16:33:02] [INFO] Admin pages Tables 
[2025-10-13 16:33:03] [INFO] AdminController initialized 
[2025-10-13 16:33:03] [INFO] Admin dashboard accessed 
[2025-10-13 16:33:03] [INFO] Getting admin statistics 
[2025-10-13 16:33:03] [DEBUG] Fetching candidate statistics 
[2025-10-13 16:33:03] [DEBUG] Candidate stats {"total":"5","active":"5"}
[2025-10-13 16:33:03] [DEBUG] Fetching verification statistics 
[2025-10-13 16:33:03] [DEBUG] Fetching recent verifications with names 
[2025-10-13 16:33:03] [DEBUG] Getting recent verifications with names {"limit":5}
[2025-10-13 16:33:03] [DEBUG] SQL query prepared {"sql":"SELECT \r\n                v.*, \r\n                c.full_name\r\n            FROM verification_data v\r\n            LEFT JOIN candidates c ON v.courier_id = c.courier_id\r\n            ORDER BY v.created_at DESC \r\n            LIMIT ?"}
[2025-10-13 16:33:03] [ERROR] Error in getRecentVerificationsWithNames {"message":"Ошибка выполнения запроса","limit":5}
[2025-10-13 16:33:03] [DEBUG] Recent verifications result {"count":0,"data":[]}
[2025-10-13 16:33:03] [INFO] Admin statistics retrieved successfully {"stats_summary":{"candidates":"5","verifications":5,"earnings":"202200.00"}}
[2025-10-13 16:34:19] [INFO] AdminController initialized 
[2025-10-13 16:34:19] [INFO] Admin dashboard accessed 
[2025-10-13 16:34:19] [INFO] Getting admin statistics 
[2025-10-13 16:34:19] [DEBUG] Fetching candidate statistics 
[2025-10-13 16:34:19] [DEBUG] Candidate stats {"total":"5","active":"5"}
[2025-10-13 16:34:19] [DEBUG] Fetching verification statistics 
[2025-10-13 16:34:19] [DEBUG] Fetching recent verifications with names 
[2025-10-13 16:34:19] [DEBUG] Getting recent verifications with names {"limit":5}
[2025-10-13 16:34:19] [DEBUG] SQL query prepared {"sql":"SELECT \r\n                v.*, \r\n                c.full_name\r\n            FROM verification_data v\r\n            LEFT JOIN candidates c ON v.courier_id = c.courier_id\r\n            ORDER BY v.created_at DESC \r\n            LIMIT ?"}
[2025-10-13 16:34:19] [ERROR] Error in getRecentVerificationsWithNames {"message":"Ошибка выполнения запроса","limit":5}
[2025-10-13 16:34:19] [DEBUG] Recent verifications result {"count":0,"data":[]}
[2025-10-13 16:34:19] [INFO] Admin statistics retrieved successfully {"stats_summary":{"candidates":"5","verifications":5,"earnings":"202200.00"}}
[2025-10-13 16:34:20] [INFO] AdminController initialized 
[2025-10-13 16:34:20] [INFO] Admin pages Tables 
[2025-10-13 16:36:47] [INFO] AdminController initialized 
[2025-10-13 16:36:47] [INFO] Admin pages Tables 
[2025-10-16 14:49:49] [INFO] AdminController initialized 
[2025-10-16 14:49:49] [INFO] Admin dashboard accessed 
[2025-10-16 14:49:49] [INFO] Getting admin statistics 
[2025-10-16 14:49:49] [DEBUG] Fetching candidate statistics 
[2025-10-16 14:49:49] [DEBUG] Candidate stats {"total":"5","active":"5"}
[2025-10-16 14:49:49] [DEBUG] Fetching verification statistics 
[2025-10-16 14:49:49] [DEBUG] Fetching recent verifications with names 
[2025-10-16 14:49:49] [DEBUG] Getting recent verifications with names {"limit":5}
[2025-10-16 14:49:49] [DEBUG] SQL query prepared {"sql":"SELECT \r\n                v.*, \r\n                c.full_name\r\n            FROM verification_data v\r\n            LEFT JOIN candidates c ON v.courier_id = c.courier_id\r\n            ORDER BY v.created_at DESC \r\n            LIMIT ?"}
[2025-10-16 14:49:49] [ERROR] Error in getRecentVerificationsWithNames {"message":"Ошибка выполнения запроса","limit":5}
[2025-10-16 14:49:49] [DEBUG] Recent verifications result {"count":0,"data":[]}
[2025-10-16 14:49:49] [INFO] Admin statistics retrieved successfully {"stats_summary":{"candidates":"5","verifications":5,"earnings":"202200.00"}}
[2025-10-16 14:51:57] [INFO] Admin candidates page accessed 
[2025-10-16 14:52:12] [INFO] Admin candidates page accessed 
[2025-10-16 14:52:14] [INFO] AdminController initialized 
[2025-10-16 14:52:14] [INFO] Admin pages Tables 
[2025-10-16 14:52:15] [INFO] Admin candidates page accessed 
[2025-10-16 15:02:37] [INFO] Admin candidates page accessed 
[2025-10-16 15:04:19] [INFO] Admin candidates page accessed 
[2025-10-16 15:04:21] [INFO] AdminController initialized 
[2025-10-16 15:04:21] [INFO] Admin pages Tables 
[2025-10-16 15:04:23] [INFO] Admin candidates page accessed 
[2025-10-16 15:05:52] [INFO] Admin candidates page accessed 
[2025-10-16 15:06:38] [INFO] AdminController initialized 
[2025-10-16 15:06:38] [INFO] Admin dashboard accessed 
[2025-10-16 15:06:38] [INFO] Getting admin statistics 
[2025-10-16 15:06:38] [DEBUG] Fetching candidate statistics 
[2025-10-16 15:06:38] [DEBUG] Candidate stats {"total":"5","active":"5"}
[2025-10-16 15:06:38] [DEBUG] Fetching verification statistics 
[2025-10-16 15:06:38] [DEBUG] Fetching recent verifications with names 
[2025-10-16 15:06:38] [DEBUG] Getting recent verifications with names {"limit":5}
[2025-10-16 15:06:38] [DEBUG] SQL query prepared {"sql":"SELECT \r\n                v.*, \r\n                c.full_name\r\n            FROM verification_data v\r\n            LEFT JOIN candidates c ON v.courier_id = c.courier_id\r\n            ORDER BY v.created_at DESC \r\n            LIMIT ?"}
[2025-10-16 15:06:38] [ERROR] Error in getRecentVerificationsWithNames {"message":"Ошибка выполнения запроса","limit":5}
[2025-10-16 15:06:38] [DEBUG] Recent verifications result {"count":0,"data":[]}
[2025-10-16 15:06:38] [INFO] Admin statistics retrieved successfully {"stats_summary":{"candidates":"5","verifications":5,"earnings":"202200.00"}}
[2025-10-16 15:06:39] [INFO] Admin candidates page accessed 
[2025-10-16 15:07:38] [INFO] AdminController initialized 
[2025-10-16 15:07:38] [INFO] Admin dashboard accessed 
[2025-10-16 15:07:38] [INFO] Getting admin statistics 
[2025-10-16 15:07:38] [DEBUG] Fetching candidate statistics 
[2025-10-16 15:07:38] [DEBUG] Candidate stats {"total":"5","active":"5"}
[2025-10-16 15:07:38] [DEBUG] Fetching verification statistics 
[2025-10-16 15:07:38] [DEBUG] Fetching recent verifications with names 
[2025-10-16 15:07:38] [DEBUG] Getting recent verifications with names {"limit":5}
[2025-10-16 15:07:38] [DEBUG] SQL query prepared {"sql":"SELECT \r\n                v.*, \r\n                c.full_name\r\n            FROM verification_data v\r\n            LEFT JOIN candidates c ON v.courier_id = c.courier_id\r\n            ORDER BY v.created_at DESC \r\n            LIMIT ?"}
[2025-10-16 15:07:38] [ERROR] Error in getRecentVerificationsWithNames {"message":"Ошибка выполнения запроса","limit":5}
[2025-10-16 15:07:38] [DEBUG] Recent verifications result {"count":0,"data":[]}
[2025-10-16 15:07:38] [INFO] Admin statistics retrieved successfully {"stats_summary":{"candidates":"5","verifications":5,"earnings":"202200.00"}}
[2025-10-16 15:07:39] [INFO] Admin candidates page accessed 
[2025-10-16 15:12:55] [INFO] Admin candidates page accessed 
[2025-10-16 15:13:14] [INFO] Admin candidates page accessed 
[2025-10-19 10:40:38] [INFO] AdminController initialized 
[2025-10-19 10:40:38] [INFO] Admin dashboard accessed 
[2025-10-19 10:40:38] [INFO] Getting admin statistics 
[2025-10-19 10:40:38] [DEBUG] Fetching candidate statistics 
[2025-10-19 10:40:38] [DEBUG] Candidate stats {"total":"5","active":"5"}
[2025-10-19 10:40:38] [DEBUG] Fetching verification statistics 
[2025-10-19 10:40:38] [DEBUG] Fetching recent verifications with names 
[2025-10-19 10:40:38] [DEBUG] Getting recent verifications with names {"limit":5}
[2025-10-19 10:40:38] [DEBUG] SQL query prepared {"sql":"SELECT \r\n                v.*, \r\n                c.full_name\r\n            FROM verification_data v\r\n            LEFT JOIN candidates c ON v.courier_id = c.courier_id\r\n            ORDER BY v.created_at DESC \r\n            LIMIT ?"}
[2025-10-19 10:40:38] [ERROR] Error in getRecentVerificationsWithNames {"message":"Ошибка выполнения запроса","limit":5}
[2025-10-19 10:40:38] [DEBUG] Recent verifications result {"count":0,"data":[]}
[2025-10-19 10:40:38] [INFO] Admin statistics retrieved successfully {"stats_summary":{"candidates":"5","verifications":5,"earnings":"202200.00"}}
[2025-10-19 10:43:30] [INFO] Admin candidates page accessed 
[2025-10-19 10:43:32] [INFO] AdminController initialized 
[2025-10-19 10:43:32] [INFO] Admin pages Tables 
[2025-10-19 10:53:37] [INFO] Admin candidates page accessed 
[2025-10-19 10:53:52] [INFO] Admin candidates page accessed 
[2025-10-19 10:53:59] [INFO] Admin candidates page accessed 
[2025-10-19 10:57:44] [INFO] Admin candidates page accessed 
[2025-10-19 10:57:47] [INFO] AdminController initialized 
[2025-10-19 10:57:47] [INFO] Admin pages Tables 
[2025-10-19 11:03:24] [INFO] AdminController initialized 
[2025-10-19 11:03:24] [INFO] Admin pages Tables 
[2025-10-19 11:03:24] [INFO] Getting admin statistics 
[2025-10-19 11:03:24] [DEBUG] Fetching candidate statistics 
[2025-10-19 11:03:24] [DEBUG] Candidate stats {"total":"5","active":"5"}
[2025-10-19 11:03:24] [DEBUG] Fetching verification statistics 
[2025-10-19 11:03:24] [DEBUG] Fetching recent verifications with names 
[2025-10-19 11:03:24] [DEBUG] Getting recent verifications with names {"limit":5}
[2025-10-19 11:03:24] [DEBUG] SQL query prepared {"sql":"SELECT \r\n                v.*, \r\n                c.full_name\r\n            FROM verification_data v\r\n            LEFT JOIN candidates c ON v.courier_id = c.courier_id\r\n            ORDER BY v.created_at DESC \r\n            LIMIT ?"}
[2025-10-19 11:03:24] [ERROR] Error in getRecentVerificationsWithNames {"message":"Ошибка выполнения запроса","limit":5}
[2025-10-19 11:03:24] [DEBUG] Recent verifications result {"count":0,"data":[]}
[2025-10-19 11:03:24] [INFO] Admin statistics retrieved successfully {"stats_summary":{"candidates":"5","verifications":5,"earnings":"202200.00"}}
[2025-10-19 11:03:39] [INFO] AdminController initialized 
[2025-10-19 11:03:39] [INFO] Admin pages Tables 
[2025-10-19 11:03:39] [INFO] Getting admin statistics 
[2025-10-19 11:03:39] [DEBUG] Fetching candidate statistics 
[2025-10-19 11:03:39] [DEBUG] Candidate stats {"total":"5","active":"5"}
[2025-10-19 11:03:39] [DEBUG] Fetching verification statistics 
[2025-10-19 11:03:39] [DEBUG] Fetching recent verifications with names 
[2025-10-19 11:03:39] [DEBUG] Getting recent verifications with names {"limit":5}
[2025-10-19 11:03:39] [DEBUG] SQL query prepared {"sql":"SELECT \r\n                v.*, \r\n                c.full_name\r\n            FROM verification_data v\r\n            LEFT JOIN candidates c ON v.courier_id = c.courier_id\r\n            ORDER BY v.created_at DESC \r\n            LIMIT ?"}
[2025-10-19 11:03:39] [ERROR] Error in getRecentVerificationsWithNames {"message":"Ошибка выполнения запроса","limit":5}
[2025-10-19 11:03:39] [DEBUG] Recent verifications result {"count":0,"data":[]}
[2025-10-19 11:03:39] [INFO] Admin statistics retrieved successfully {"stats_summary":{"candidates":"5","verifications":5,"earnings":"202200.00"}}
[2025-10-19 11:04:00] [INFO] AdminController initialized 
[2025-10-19 11:04:00] [INFO] Admin pages Tables 
[2025-10-19 11:04:00] [INFO] Getting admin statistics 
[2025-10-19 11:04:00] [DEBUG] Fetching candidate statistics 
[2025-10-19 11:04:00] [DEBUG] Candidate stats {"total":"5","active":"5"}
[2025-10-19 11:04:00] [DEBUG] Fetching verification statistics 
[2025-10-19 11:04:00] [DEBUG] Fetching recent verifications with names 
[2025-10-19 11:04:00] [DEBUG] Getting recent verifications with names {"limit":5}
[2025-10-19 11:04:00] [DEBUG] SQL query prepared {"sql":"SELECT \r\n                v.*, \r\n                c.full_name\r\n            FROM verification_data v\r\n            LEFT JOIN candidates c ON v.courier_id = c.courier_id\r\n            ORDER BY v.created_at DESC \r\n            LIMIT ?"}
[2025-10-19 11:04:00] [ERROR] Error in getRecentVerificationsWithNames {"message":"Ошибка выполнения запроса","limit":5}
[2025-10-19 11:04:00] [DEBUG] Recent verifications result {"count":0,"data":[]}
[2025-10-19 11:04:00] [INFO] Admin statistics retrieved successfully {"stats_summary":{"candidates":"5","verifications":5,"earnings":"202200.00"}}
[2025-10-19 11:04:12] [INFO] AdminController initialized 
[2025-10-19 11:04:12] [INFO] Admin pages Tables 
[2025-10-19 11:04:12] [INFO] Getting admin statistics 
[2025-10-19 11:04:12] [DEBUG] Fetching candidate statistics 
[2025-10-19 11:04:12] [DEBUG] Candidate stats {"total":"5","active":"5"}
[2025-10-19 11:04:12] [DEBUG] Fetching verification statistics 
[2025-10-19 11:04:12] [DEBUG] Fetching recent verifications with names 
[2025-10-19 11:04:12] [DEBUG] Getting recent verifications with names {"limit":5}
[2025-10-19 11:04:12] [DEBUG] SQL query prepared {"sql":"SELECT \r\n                v.*, \r\n                c.full_name\r\n            FROM verification_data v\r\n            LEFT JOIN candidates c ON v.courier_id = c.courier_id\r\n            ORDER BY v.created_at DESC \r\n            LIMIT ?"}
[2025-10-19 11:04:12] [ERROR] Error in getRecentVerificationsWithNames {"message":"Ошибка выполнения запроса","limit":5}
[2025-10-19 11:04:12] [DEBUG] Recent verifications result {"count":0,"data":[]}
[2025-10-19 11:04:12] [INFO] Admin statistics retrieved successfully {"stats_summary":{"candidates":"5","verifications":5,"earnings":"202200.00"}}
[2025-10-19 11:04:34] [INFO] AdminController initialized 
[2025-10-19 11:04:34] [INFO] Admin pages Tables 
[2025-10-19 11:04:34] [INFO] Getting admin statistics 
[2025-10-19 11:04:34] [DEBUG] Fetching candidate statistics 
[2025-10-19 11:04:34] [DEBUG] Candidate stats {"total":"5","active":"5"}
[2025-10-19 11:04:34] [DEBUG] Fetching verification statistics 
[2025-10-19 11:04:34] [DEBUG] Fetching recent verifications with names 
[2025-10-19 11:04:34] [DEBUG] Getting recent verifications with names {"limit":5}
[2025-10-19 11:04:34] [DEBUG] SQL query prepared {"sql":"SELECT \r\n                v.*, \r\n                c.full_name\r\n            FROM verification_data v\r\n            LEFT JOIN candidates c ON v.courier_id = c.courier_id\r\n            ORDER BY v.created_at DESC \r\n            LIMIT ?"}
[2025-10-19 11:04:34] [ERROR] Error in getRecentVerificationsWithNames {"message":"Ошибка выполнения запроса","limit":5}
[2025-10-19 11:04:34] [DEBUG] Recent verifications result {"count":0,"data":[]}
[2025-10-19 11:04:34] [INFO] Admin statistics retrieved successfully {"stats_summary":{"candidates":"5","verifications":5,"earnings":"202200.00"}}
[2025-10-19 11:05:13] [INFO] AdminController initialized 
[2025-10-19 11:05:13] [INFO] Admin pages Tables 
[2025-10-19 11:05:13] [INFO] Getting admin statistics 
[2025-10-19 11:05:13] [DEBUG] Fetching candidate statistics 
[2025-10-19 11:05:13] [DEBUG] Candidate stats {"total":"5","active":"5"}
[2025-10-19 11:05:13] [DEBUG] Fetching verification statistics 
[2025-10-19 11:05:13] [DEBUG] Fetching recent verifications with names 
[2025-10-19 11:05:13] [DEBUG] Getting recent verifications with names {"limit":5}
[2025-10-19 11:05:13] [DEBUG] SQL query prepared {"sql":"SELECT \r\n                v.*, \r\n                c.full_name\r\n            FROM verification_data v\r\n            LEFT JOIN candidates c ON v.courier_id = c.courier_id\r\n            ORDER BY v.created_at DESC \r\n            LIMIT ?"}
[2025-10-19 11:05:13] [ERROR] Error in getRecentVerificationsWithNames {"message":"Ошибка выполнения запроса","limit":5}
[2025-10-19 11:05:13] [DEBUG] Recent verifications result {"count":0,"data":[]}
[2025-10-19 11:05:13] [INFO] Admin statistics retrieved successfully {"stats_summary":{"candidates":"5","verifications":5,"earnings":"202200.00"}}
[2025-10-19 11:07:45] [INFO] AdminController initialized 
[2025-10-19 11:07:45] [INFO] Admin pages Tables 
[2025-10-19 11:07:45] [INFO] Getting admin statistics 
[2025-10-19 11:07:45] [DEBUG] Fetching candidate statistics 
[2025-10-19 11:07:45] [DEBUG] Candidate stats {"total":"5","active":"5"}
[2025-10-19 11:07:45] [DEBUG] Fetching verification statistics 
[2025-10-19 11:07:45] [DEBUG] Fetching recent verifications with names 
[2025-10-19 11:07:45] [DEBUG] Getting recent verifications with names {"limit":5}
[2025-10-19 11:07:45] [DEBUG] SQL query prepared {"sql":"SELECT \r\n                v.*, \r\n                c.full_name\r\n            FROM verification_data v\r\n            LEFT JOIN candidates c ON v.courier_id = c.courier_id\r\n            ORDER BY v.created_at DESC \r\n            LIMIT ?"}
[2025-10-19 11:07:45] [ERROR] Error in getRecentVerificationsWithNames {"message":"Ошибка выполнения запроса","limit":5}
[2025-10-19 11:07:45] [DEBUG] Recent verifications result {"count":0,"data":[]}
[2025-10-19 11:07:45] [INFO] Admin statistics retrieved successfully {"stats_summary":{"candidates":"5","verifications":5,"earnings":"202200.00"}}
[2025-10-19 11:08:02] [INFO] AdminController initialized 
[2025-10-19 11:08:02] [INFO] Admin pages Tables 
[2025-10-19 11:08:02] [INFO] Getting admin statistics 
[2025-10-19 11:08:02] [DEBUG] Fetching candidate statistics 
[2025-10-19 11:08:02] [DEBUG] Candidate stats {"total":"5","active":"5"}
[2025-10-19 11:08:02] [DEBUG] Fetching verification statistics 
[2025-10-19 11:08:02] [DEBUG] Fetching recent verifications with names 
[2025-10-19 11:08:02] [DEBUG] Getting recent verifications with names {"limit":5}
[2025-10-19 11:08:02] [DEBUG] SQL query prepared {"sql":"SELECT \r\n                v.*, \r\n                c.full_name\r\n            FROM verification_data v\r\n            LEFT JOIN candidates c ON v.courier_id = c.courier_id\r\n            ORDER BY v.created_at DESC \r\n            LIMIT ?"}
[2025-10-19 11:08:02] [ERROR] Error in getRecentVerificationsWithNames {"message":"Ошибка выполнения запроса","limit":5}
[2025-10-19 11:08:02] [DEBUG] Recent verifications result {"count":0,"data":[]}
[2025-10-19 11:08:02] [INFO] Admin statistics retrieved successfully {"stats_summary":{"candidates":"5","verifications":5,"earnings":"202200.00"}}
[2025-10-19 11:09:56] [INFO] AdminController initialized 
[2025-10-19 11:09:56] [INFO] Admin pages Tables 
[2025-10-19 11:09:56] [INFO] Getting admin statistics 
[2025-10-19 11:09:56] [DEBUG] Fetching candidate statistics 
[2025-10-19 11:09:56] [DEBUG] Candidate stats {"total":"5","active":"5"}
[2025-10-19 11:09:56] [DEBUG] Fetching verification statistics 
[2025-10-19 11:09:56] [DEBUG] Fetching recent verifications with names 
[2025-10-19 11:09:56] [DEBUG] Getting recent verifications with names {"limit":5}
[2025-10-19 11:09:56] [DEBUG] Table existence check {"verification_data_exists":true,"candidates_exists":true}
[2025-10-19 11:09:56] [DEBUG] SQL query prepared {"sql":"SELECT \r\n                v.*, \r\n                c.full_name,\r\n                c.courier_id as candidate_courier_id\r\n            FROM verification_data v\r\n            LEFT JOIN candidates c ON v.courier_id = c.courier_id\r\n            ORDER BY v.id DESC \r\n            LIMIT ?","limit":5}
[2025-10-19 11:09:56] [ERROR] Error in getRecentVerificationsWithNames {"message":"Ошибка выполнения запроса","trace":"#0 D:\\OpenServer\\shakha30\\alliance_service\\public_html\\app\\models\\VerificationData.php(177): DB->query()\n#1 D:\\OpenServer\\shakha30\\alliance_service\\public_html\\app\\controllers\\AdminController.php(89): VerificationData->getRecentVerificationsWithNames()\n#2 D:\\OpenServer\\shakha30\\alliance_service\\public_html\\app\\controllers\\AdminController.php(61): AdminController->getStats()\n#3 D:\\OpenServer\\shakha30\\alliance_service\\public_html\\public\\index.php(154): AdminController->tables()\n#4 {main}","limit":5}
[2025-10-19 11:09:56] [DEBUG] Recent verifications result {"count":0,"data":[]}
[2025-10-19 11:09:56] [INFO] Admin statistics retrieved successfully {"stats_summary":{"candidates":"5","verifications":5,"earnings":"202200.00"}}
[2025-10-19 11:11:28] [INFO] AdminController initialized 
[2025-10-19 11:11:28] [INFO] Admin pages Tables 
[2025-10-19 11:11:28] [INFO] Getting admin statistics 
[2025-10-19 11:11:28] [DEBUG] Fetching candidate statistics 
[2025-10-19 11:11:28] [DEBUG] Candidate stats {"total":"5","active":"5"}
[2025-10-19 11:11:28] [DEBUG] Fetching verification statistics 
[2025-10-19 11:11:28] [DEBUG] Fetching recent verifications with names 
[2025-10-19 11:11:28] [DEBUG] Getting recent verifications with names {"limit":5}
[2025-10-19 11:11:28] [DEBUG] SQL query prepared {"sql":"SELECT \r\n                v.*, \r\n                c.full_name\r\n            FROM verification_data v\r\n            LEFT JOIN candidates c ON v.courier_id = c.courier_id\r\n            ORDER BY v.created_at DESC \r\n            LIMIT ?"}
[2025-10-19 11:11:28] [ERROR] Error in getRecentVerificationsWithNames {"message":"Ошибка выполнения запроса","limit":5}
[2025-10-19 11:11:28] [DEBUG] Recent verifications result {"count":0,"data":[]}
[2025-10-19 11:11:28] [INFO] Admin statistics retrieved successfully {"stats_summary":{"candidates":"5","verifications":5,"earnings":"202200.00"}}
[2025-10-19 11:12:51] [INFO] AdminController initialized 
[2025-10-19 11:12:51] [INFO] Admin pages Tables 
[2025-10-19 11:12:51] [INFO] Getting admin statistics 
[2025-10-19 11:12:51] [DEBUG] Fetching candidate statistics 
[2025-10-19 11:12:51] [DEBUG] Candidate stats {"total":"5","active":"5"}
[2025-10-19 11:12:51] [DEBUG] Fetching verification statistics 
[2025-10-19 11:12:51] [DEBUG] Fetching recent verifications with names 
[2025-10-19 11:12:51] [DEBUG] Getting recent verifications with names {"limit":5}
[2025-10-19 11:12:51] [DEBUG] SQL query prepared {"sql":"SELECT * FROM verification_data ORDER BY id DESC LIMIT ?"}
[2025-10-19 11:12:51] [ERROR] Error in getRecentVerificationsWithNames {"message":"Ошибка выполнения запроса","limit":5}
[2025-10-19 11:12:51] [DEBUG] Recent verifications result {"count":0,"data":[]}
[2025-10-19 11:12:51] [INFO] Admin statistics retrieved successfully {"stats_summary":{"candidates":"5","verifications":5,"earnings":"202200.00"}}
[2025-10-19 11:17:18] [INFO] AdminController initialized 
[2025-10-19 11:17:18] [INFO] Admin pages Tables 
[2025-10-19 11:17:18] [INFO] Getting admin statistics 
[2025-10-19 11:17:18] [DEBUG] Fetching candidate statistics 
[2025-10-19 11:17:18] [DEBUG] Candidate stats {"total":"5","active":"5"}
[2025-10-19 11:17:18] [DEBUG] Fetching verification statistics 
[2025-10-19 11:17:18] [DEBUG] Fetching recent verifications with names 
[2025-10-19 11:17:18] [DEBUG] Getting recent verifications with names {"limit":5}
[2025-10-19 11:17:18] [DEBUG] SQL query prepared {"sql":"SELECT * FROM verification_data ORDER BY id DESC LIMIT ?"}
[2025-10-19 11:17:18] [ERROR] DB Query Error {"sql":"SELECT * FROM verification_data ORDER BY id DESC LIMIT ?","params":[5],"error_message":"SQLSTATE[42000]: Syntax error or access violation: 1064 You have an error in your SQL syntax; check the manual that corresponds to your MySQL server version for the right syntax to use near ''5'' at line 1","error_code":"42000"}
[2025-10-19 11:17:18] [ERROR] Error in getRecentVerificationsWithNames {"message":"Ошибка выполнения запроса","limit":5}
[2025-10-19 11:17:18] [DEBUG] Recent verifications result {"count":0,"data":[]}
[2025-10-19 11:17:18] [INFO] Admin statistics retrieved successfully {"stats_summary":{"candidates":"5","verifications":5,"earnings":"202200.00"}}
[2025-10-19 11:19:10] [INFO] AdminController initialized 
[2025-10-19 11:19:10] [INFO] Admin pages Tables 
[2025-10-19 11:19:10] [INFO] Getting admin statistics 
[2025-10-19 11:19:10] [DEBUG] Fetching candidate statistics 
[2025-10-19 11:19:10] [DEBUG] Candidate stats {"total":"5","active":"5"}
[2025-10-19 11:19:10] [DEBUG] Fetching verification statistics 
[2025-10-19 11:19:10] [DEBUG] Fetching recent verifications with names 
[2025-10-19 11:19:10] [DEBUG] Getting recent verifications with names {"limit":5}
[2025-10-19 11:19:10] [DEBUG] SQL query prepared {"sql":"SELECT * FROM verification_data ORDER BY id DESC LIMIT ?"}
[2025-10-19 11:19:10] [ERROR] DB Query Error {"sql":"SELECT * FROM verification_data ORDER BY id DESC LIMIT ?","params":[5],"error_message":"SQLSTATE[42000]: Syntax error or access violation: 1064 You have an error in your SQL syntax; check the manual that corresponds to your MySQL server version for the right syntax to use near ''5'' at line 1","error_code":"42000"}
[2025-10-19 11:19:10] [ERROR] Error in getRecentVerificationsWithNames {"message":"Ошибка выполнения запроса","limit":5}
[2025-10-19 11:19:10] [DEBUG] Recent verifications result {"count":0,"data":[]}
[2025-10-19 11:19:10] [INFO] Admin statistics retrieved successfully {"stats_summary":{"candidates":"5","verifications":5,"earnings":"202200.00"}}
[2025-10-19 11:20:00] [INFO] AdminController initialized 
[2025-10-19 11:20:00] [INFO] Admin pages Tables 
[2025-10-19 11:20:00] [INFO] Getting admin statistics 
[2025-10-19 11:20:00] [DEBUG] Fetching candidate statistics 
[2025-10-19 11:20:00] [DEBUG] Candidate stats {"total":"5","active":"5"}
[2025-10-19 11:20:00] [DEBUG] Fetching verification statistics 
[2025-10-19 11:20:00] [DEBUG] Fetching recent verifications with names 
[2025-10-19 11:20:00] [DEBUG] Getting recent verifications with names {"limit":5}
[2025-10-19 11:20:00] [DEBUG] SQL query prepared {"sql":"SELECT * FROM verification_data ORDER BY id DESC LIMIT ?"}
[2025-10-19 11:20:00] [ERROR] DB Query Error {"sql":"SELECT * FROM verification_data ORDER BY id DESC LIMIT ?","params":[5],"error_message":"SQLSTATE[42000]: Syntax error or access violation: 1064 You have an error in your SQL syntax; check the manual that corresponds to your MySQL server version for the right syntax to use near ''5'' at line 1","error_code":"42000"}
[2025-10-19 11:20:00] [ERROR] Error in getRecentVerificationsWithNames {"message":"Ошибка выполнения запроса","limit":5}
[2025-10-19 11:20:00] [DEBUG] Recent verifications result {"count":0,"data":[]}
[2025-10-19 11:20:00] [INFO] Admin statistics retrieved successfully {"stats_summary":{"candidates":"5","verifications":5,"earnings":"202200.00"}}
[2025-10-19 11:20:17] [INFO] AdminController initialized 
[2025-10-19 11:20:17] [INFO] Admin pages Tables 
[2025-10-19 11:20:17] [INFO] Getting admin statistics 
[2025-10-19 11:20:17] [DEBUG] Fetching candidate statistics 
[2025-10-19 11:20:17] [DEBUG] Candidate stats {"total":"5","active":"5"}
[2025-10-19 11:20:17] [DEBUG] Fetching verification statistics 
[2025-10-19 11:20:17] [DEBUG] Fetching recent verifications with names 
[2025-10-19 11:20:17] [DEBUG] Getting recent verifications with names {"limit":5}
[2025-10-19 11:20:17] [DEBUG] SQL query prepared {"sql":"SELECT * FROM verification_data ORDER BY id DESC LIMIT ?"}
[2025-10-19 11:20:17] [ERROR] DB Query Error {"sql":"SELECT * FROM verification_data ORDER BY id DESC LIMIT ?","params":[5],"error_message":"SQLSTATE[42000]: Syntax error or access violation: 1064 You have an error in your SQL syntax; check the manual that corresponds to your MySQL server version for the right syntax to use near ''5'' at line 1","error_code":"42000"}
[2025-10-19 11:20:17] [ERROR] Error in getRecentVerificationsWithNames {"message":"Ошибка выполнения запроса","limit":5}
[2025-10-19 11:20:17] [DEBUG] Recent verifications result {"count":0,"data":[]}
[2025-10-19 11:20:17] [INFO] Admin statistics retrieved successfully {"stats_summary":{"candidates":"5","verifications":5,"earnings":"202200.00"}}
[2025-10-19 11:25:24] [INFO] AdminController initialized 
[2025-10-19 11:25:24] [INFO] Admin pages Tables 
[2025-10-19 11:25:24] [INFO] Getting admin statistics 
[2025-10-19 11:25:24] [DEBUG] Fetching candidate statistics 
[2025-10-19 11:25:24] [DEBUG] Candidate stats {"total":"5","active":"5"}
[2025-10-19 11:25:24] [DEBUG] Fetching verification statistics 
[2025-10-19 11:25:24] [DEBUG] Fetching recent verifications with names 
[2025-10-19 11:25:24] [DEBUG] Getting recent verifications with names {"limit":5}
[2025-10-19 11:25:24] [DEBUG] SQL query prepared {"sql":"SELECT * FROM verification_data ORDER BY id DESC LIMIT ?"}
[2025-10-19 11:25:24] [DEBUG] Recent verifications query result {"result_count":5,"result_sample":[{"id":"5","0":"5","courier_id":"COURIER_004","1":"COURIER_004","worked_hours":"88.50","2":"88.50","orders_count":"62","3":"62","hours_own_bike":"50.00","4":"50.00","hours_electric_bike":"38.50","5":"38.50","hours_yandex_bike":"0.00","6":"0.00","total_amount":"29800.00","7":"29800.00","record_date":"2024-01-22","8":"2024-01-22","period_from":"2024-01-15","9":"2024-01-15","period_to":"2024-01-21","10":"2024-01-21","created_at":"2025-10-10 18:04:28","11":"2025-10-10 18:04:28"},{"id":"4","0":"4","courier_id":"COURIER_001","1":"COURIER_001","worked_hours":"115.00","2":"115.00","orders_count":"78","3":"78","hours_own_bike":"75.00","4":"75.00","hours_electric_bike":"30.00","5":"30.00","hours_yandex_bike":"10.00","6":"10.00","total_amount":"43200.00","7":"43200.00","record_date":"2024-01-22","8":"2024-01-22","period_from":"2024-01-15","9":"2024-01-15","period_to":"2024-01-21","10":"2024-01-21","created_at":"2025-10-10 18:04:28","11":"2025-10-10 18:04:28"}]}
[2025-10-19 11:25:24] [DEBUG] Recent verifications result {"count":5,"data":[{"id":"5","0":"5","courier_id":"COURIER_004","1":"COURIER_004","worked_hours":"88.50","2":"88.50","orders_count":"62","3":"62","hours_own_bike":"50.00","4":"50.00","hours_electric_bike":"38.50","5":"38.50","hours_yandex_bike":"0.00","6":"0.00","total_amount":"29800.00","7":"29800.00","record_date":"2024-01-22","8":"2024-01-22","period_from":"2024-01-15","9":"2024-01-15","period_to":"2024-01-21","10":"2024-01-21","created_at":"2025-10-10 18:04:28","11":"2025-10-10 18:04:28"},{"id":"4","0":"4","courier_id":"COURIER_001","1":"COURIER_001","worked_hours":"115.00","2":"115.00","orders_count":"78","3":"78","hours_own_bike":"75.00","4":"75.00","hours_electric_bike":"30.00","5":"30.00","hours_yandex_bike":"10.00","6":"10.00","total_amount":"43200.00","7":"43200.00","record_date":"2024-01-22","8":"2024-01-22","period_from":"2024-01-15","9":"2024-01-15","period_to":"2024-01-21","10":"2024-01-21","created_at":"2025-10-10 18:04:28","11":"2025-10-10 18:04:28"},{"id":"3","0":"3","courier_id":"COURIER_003","1":"COURIER_003","worked_hours":"140.00","2":"140.00","orders_count":"92","3":"92","hours_own_bike":"100.00","4":"100.00","hours_electric_bike":"40.00","5":"40.00","hours_yandex_bike":"0.00","6":"0.00","total_amount":"51800.00","7":"51800.00","record_date":"2024-01-15","8":"2024-01-15","period_from":"2024-01-01","9":"2024-01-01","period_to":"2024-01-14","10":"2024-01-14","created_at":"2025-10-10 18:04:28","11":"2025-10-10 18:04:28"},{"id":"2","0":"2","courier_id":"COURIER_002","1":"COURIER_002","worked_hours":"95.00","2":"95.00","orders_count":"67","3":"67","hours_own_bike":"60.00","4":"60.00","hours_electric_bike":"35.00","5":"35.00","hours_yandex_bike":"0.00","6":"0.00","total_amount":"32150.00","7":"32150.00","record_date":"2024-01-15","8":"2024-01-15","period_from":"2024-01-01","9":"2024-01-01","period_to":"2024-01-14","10":"2024-01-14","created_at":"2025-10-10 18:04:28","11":"2025-10-10 18:04:28"},{"id":"1","0":"1","courier_id":"COURIER_001","1":"COURIER_001","worked_hours":"120.50","2":"120.50","orders_count":"85","3":"85","hours_own_bike":"80.00","4":"80.00","hours_electric_bike":"25.50","5":"25.50","hours_yandex_bike":"15.00","6":"15.00","total_amount":"45250.00","7":"45250.00","record_date":"2024-01-15","8":"2024-01-15","period_from":"2024-01-01","9":"2024-01-01","period_to":"2024-01-14","10":"2024-01-14","created_at":"2025-10-10 18:04:28","11":"2025-10-10 18:04:28"}]}
[2025-10-19 11:25:24] [INFO] Admin statistics retrieved successfully {"stats_summary":{"candidates":"5","verifications":5,"earnings":"202200.00"}}
[2025-10-19 11:26:24] [INFO] AdminController initialized 
[2025-10-19 11:26:24] [INFO] Admin pages Tables 
[2025-10-19 11:26:24] [INFO] Getting admin statistics 
[2025-10-19 11:26:24] [DEBUG] Fetching candidate statistics 
[2025-10-19 11:26:24] [DEBUG] Candidate stats {"total":"5","active":"5"}
[2025-10-19 11:26:24] [DEBUG] Fetching verification statistics 
[2025-10-19 11:26:24] [DEBUG] Fetching recent verifications with names 
[2025-10-19 11:26:24] [DEBUG] Getting recent verifications with names {"limit":5}
[2025-10-19 11:26:24] [DEBUG] SQL query prepared {"sql":"SELECT * FROM verification_data ORDER BY id DESC LIMIT ?"}
[2025-10-19 11:26:24] [DEBUG] Recent verifications query result {"result_count":5,"result_sample":[{"id":"5","0":"5","courier_id":"COURIER_004","1":"COURIER_004","worked_hours":"88.50","2":"88.50","orders_count":"62","3":"62","hours_own_bike":"50.00","4":"50.00","hours_electric_bike":"38.50","5":"38.50","hours_yandex_bike":"0.00","6":"0.00","total_amount":"29800.00","7":"29800.00","record_date":"2024-01-22","8":"2024-01-22","period_from":"2024-01-15","9":"2024-01-15","period_to":"2024-01-21","10":"2024-01-21","created_at":"2025-10-10 18:04:28","11":"2025-10-10 18:04:28"},{"id":"4","0":"4","courier_id":"COURIER_001","1":"COURIER_001","worked_hours":"115.00","2":"115.00","orders_count":"78","3":"78","hours_own_bike":"75.00","4":"75.00","hours_electric_bike":"30.00","5":"30.00","hours_yandex_bike":"10.00","6":"10.00","total_amount":"43200.00","7":"43200.00","record_date":"2024-01-22","8":"2024-01-22","period_from":"2024-01-15","9":"2024-01-15","period_to":"2024-01-21","10":"2024-01-21","created_at":"2025-10-10 18:04:28","11":"2025-10-10 18:04:28"}]}
[2025-10-19 11:26:24] [DEBUG] Recent verifications result {"count":5,"data":[{"id":"5","0":"5","courier_id":"COURIER_004","1":"COURIER_004","worked_hours":"88.50","2":"88.50","orders_count":"62","3":"62","hours_own_bike":"50.00","4":"50.00","hours_electric_bike":"38.50","5":"38.50","hours_yandex_bike":"0.00","6":"0.00","total_amount":"29800.00","7":"29800.00","record_date":"2024-01-22","8":"2024-01-22","period_from":"2024-01-15","9":"2024-01-15","period_to":"2024-01-21","10":"2024-01-21","created_at":"2025-10-10 18:04:28","11":"2025-10-10 18:04:28"},{"id":"4","0":"4","courier_id":"COURIER_001","1":"COURIER_001","worked_hours":"115.00","2":"115.00","orders_count":"78","3":"78","hours_own_bike":"75.00","4":"75.00","hours_electric_bike":"30.00","5":"30.00","hours_yandex_bike":"10.00","6":"10.00","total_amount":"43200.00","7":"43200.00","record_date":"2024-01-22","8":"2024-01-22","period_from":"2024-01-15","9":"2024-01-15","period_to":"2024-01-21","10":"2024-01-21","created_at":"2025-10-10 18:04:28","11":"2025-10-10 18:04:28"},{"id":"3","0":"3","courier_id":"COURIER_003","1":"COURIER_003","worked_hours":"140.00","2":"140.00","orders_count":"92","3":"92","hours_own_bike":"100.00","4":"100.00","hours_electric_bike":"40.00","5":"40.00","hours_yandex_bike":"0.00","6":"0.00","total_amount":"51800.00","7":"51800.00","record_date":"2024-01-15","8":"2024-01-15","period_from":"2024-01-01","9":"2024-01-01","period_to":"2024-01-14","10":"2024-01-14","created_at":"2025-10-10 18:04:28","11":"2025-10-10 18:04:28"},{"id":"2","0":"2","courier_id":"COURIER_002","1":"COURIER_002","worked_hours":"95.00","2":"95.00","orders_count":"67","3":"67","hours_own_bike":"60.00","4":"60.00","hours_electric_bike":"35.00","5":"35.00","hours_yandex_bike":"0.00","6":"0.00","total_amount":"32150.00","7":"32150.00","record_date":"2024-01-15","8":"2024-01-15","period_from":"2024-01-01","9":"2024-01-01","period_to":"2024-01-14","10":"2024-01-14","created_at":"2025-10-10 18:04:28","11":"2025-10-10 18:04:28"},{"id":"1","0":"1","courier_id":"COURIER_001","1":"COURIER_001","worked_hours":"120.50","2":"120.50","orders_count":"85","3":"85","hours_own_bike":"80.00","4":"80.00","hours_electric_bike":"25.50","5":"25.50","hours_yandex_bike":"15.00","6":"15.00","total_amount":"45250.00","7":"45250.00","record_date":"2024-01-15","8":"2024-01-15","period_from":"2024-01-01","9":"2024-01-01","period_to":"2024-01-14","10":"2024-01-14","created_at":"2025-10-10 18:04:28","11":"2025-10-10 18:04:28"}]}
[2025-10-19 11:26:24] [INFO] Admin statistics retrieved successfully {"stats_summary":{"candidates":"5","verifications":5,"earnings":"202200.00"}}
[2025-10-19 11:26:35] [INFO] AdminController initialized 
[2025-10-19 11:26:35] [INFO] Admin pages Tables 
[2025-10-19 11:26:35] [INFO] Getting admin statistics 
[2025-10-19 11:26:35] [DEBUG] Fetching candidate statistics 
[2025-10-19 11:26:35] [DEBUG] Candidate stats {"total":"5","active":"5"}
[2025-10-19 11:26:35] [DEBUG] Fetching verification statistics 
[2025-10-19 11:26:35] [DEBUG] Fetching recent verifications with names 
[2025-10-19 11:26:35] [DEBUG] Getting recent verifications with names {"limit":5}
[2025-10-19 11:26:35] [DEBUG] SQL query prepared {"sql":"SELECT * FROM verification_data ORDER BY id DESC LIMIT ?"}
[2025-10-19 11:26:35] [DEBUG] Recent verifications query result {"result_count":5,"result_sample":[{"id":"5","0":"5","courier_id":"COURIER_004","1":"COURIER_004","worked_hours":"88.50","2":"88.50","orders_count":"62","3":"62","hours_own_bike":"50.00","4":"50.00","hours_electric_bike":"38.50","5":"38.50","hours_yandex_bike":"0.00","6":"0.00","total_amount":"29800.00","7":"29800.00","record_date":"2024-01-22","8":"2024-01-22","period_from":"2024-01-15","9":"2024-01-15","period_to":"2024-01-21","10":"2024-01-21","created_at":"2025-10-10 18:04:28","11":"2025-10-10 18:04:28"},{"id":"4","0":"4","courier_id":"COURIER_001","1":"COURIER_001","worked_hours":"115.00","2":"115.00","orders_count":"78","3":"78","hours_own_bike":"75.00","4":"75.00","hours_electric_bike":"30.00","5":"30.00","hours_yandex_bike":"10.00","6":"10.00","total_amount":"43200.00","7":"43200.00","record_date":"2024-01-22","8":"2024-01-22","period_from":"2024-01-15","9":"2024-01-15","period_to":"2024-01-21","10":"2024-01-21","created_at":"2025-10-10 18:04:28","11":"2025-10-10 18:04:28"}]}
[2025-10-19 11:26:35] [DEBUG] Recent verifications result {"count":5,"data":[{"id":"5","0":"5","courier_id":"COURIER_004","1":"COURIER_004","worked_hours":"88.50","2":"88.50","orders_count":"62","3":"62","hours_own_bike":"50.00","4":"50.00","hours_electric_bike":"38.50","5":"38.50","hours_yandex_bike":"0.00","6":"0.00","total_amount":"29800.00","7":"29800.00","record_date":"2024-01-22","8":"2024-01-22","period_from":"2024-01-15","9":"2024-01-15","period_to":"2024-01-21","10":"2024-01-21","created_at":"2025-10-10 18:04:28","11":"2025-10-10 18:04:28"},{"id":"4","0":"4","courier_id":"COURIER_001","1":"COURIER_001","worked_hours":"115.00","2":"115.00","orders_count":"78","3":"78","hours_own_bike":"75.00","4":"75.00","hours_electric_bike":"30.00","5":"30.00","hours_yandex_bike":"10.00","6":"10.00","total_amount":"43200.00","7":"43200.00","record_date":"2024-01-22","8":"2024-01-22","period_from":"2024-01-15","9":"2024-01-15","period_to":"2024-01-21","10":"2024-01-21","created_at":"2025-10-10 18:04:28","11":"2025-10-10 18:04:28"},{"id":"3","0":"3","courier_id":"COURIER_003","1":"COURIER_003","worked_hours":"140.00","2":"140.00","orders_count":"92","3":"92","hours_own_bike":"100.00","4":"100.00","hours_electric_bike":"40.00","5":"40.00","hours_yandex_bike":"0.00","6":"0.00","total_amount":"51800.00","7":"51800.00","record_date":"2024-01-15","8":"2024-01-15","period_from":"2024-01-01","9":"2024-01-01","period_to":"2024-01-14","10":"2024-01-14","created_at":"2025-10-10 18:04:28","11":"2025-10-10 18:04:28"},{"id":"2","0":"2","courier_id":"COURIER_002","1":"COURIER_002","worked_hours":"95.00","2":"95.00","orders_count":"67","3":"67","hours_own_bike":"60.00","4":"60.00","hours_electric_bike":"35.00","5":"35.00","hours_yandex_bike":"0.00","6":"0.00","total_amount":"32150.00","7":"32150.00","record_date":"2024-01-15","8":"2024-01-15","period_from":"2024-01-01","9":"2024-01-01","period_to":"2024-01-14","10":"2024-01-14","created_at":"2025-10-10 18:04:28","11":"2025-10-10 18:04:28"},{"id":"1","0":"1","courier_id":"COURIER_001","1":"COURIER_001","worked_hours":"120.50","2":"120.50","orders_count":"85","3":"85","hours_own_bike":"80.00","4":"80.00","hours_electric_bike":"25.50","5":"25.50","hours_yandex_bike":"15.00","6":"15.00","total_amount":"45250.00","7":"45250.00","record_date":"2024-01-15","8":"2024-01-15","period_from":"2024-01-01","9":"2024-01-01","period_to":"2024-01-14","10":"2024-01-14","created_at":"2025-10-10 18:04:28","11":"2025-10-10 18:04:28"}]}
[2025-10-19 11:26:35] [INFO] Admin statistics retrieved successfully {"stats_summary":{"candidates":"5","verifications":5,"earnings":"202200.00"}}
[2025-10-19 11:27:13] [INFO] AdminController initialized 
[2025-10-19 11:27:13] [INFO] Admin pages Tables 
[2025-10-19 11:27:13] [INFO] Getting admin statistics 
[2025-10-19 11:27:13] [DEBUG] Fetching candidate statistics 
[2025-10-19 11:27:13] [DEBUG] Candidate stats {"total":"5","active":"5"}
[2025-10-19 11:27:13] [DEBUG] Fetching verification statistics 
[2025-10-19 11:27:13] [DEBUG] Fetching recent verifications with names 
[2025-10-19 11:27:13] [DEBUG] Getting recent verifications with names {"limit":5}
[2025-10-19 11:27:13] [DEBUG] SQL query prepared {"sql":"SELECT \r\n                v.*, \r\n                c.full_name\r\n            FROM verification_data v\r\n            LEFT JOIN candidates c ON v.courier_id = c.courier_id\r\n            ORDER BY v.created_at DESC \r\n            LIMIT ?"}
[2025-10-19 11:27:13] [DEBUG] Recent verifications query result {"result_count":5,"result_sample":[{"id":"1","0":"1","courier_id":"COURIER_001","1":"COURIER_001","worked_hours":"120.50","2":"120.50","orders_count":"85","3":"85","hours_own_bike":"80.00","4":"80.00","hours_electric_bike":"25.50","5":"25.50","hours_yandex_bike":"15.00","6":"15.00","total_amount":"45250.00","7":"45250.00","record_date":"2024-01-15","8":"2024-01-15","period_from":"2024-01-01","9":"2024-01-01","period_to":"2024-01-14","10":"2024-01-14","created_at":"2025-10-10 18:04:28","11":"2025-10-10 18:04:28","full_name":"Иванов Алексей Сергеевич","12":"Иванов Алексей Сергеевич"},{"id":"2","0":"2","courier_id":"COURIER_002","1":"COURIER_002","worked_hours":"95.00","2":"95.00","orders_count":"67","3":"67","hours_own_bike":"60.00","4":"60.00","hours_electric_bike":"35.00","5":"35.00","hours_yandex_bike":"0.00","6":"0.00","total_amount":"32150.00","7":"32150.00","record_date":"2024-01-15","8":"2024-01-15","period_from":"2024-01-01","9":"2024-01-01","period_to":"2024-01-14","10":"2024-01-14","created_at":"2025-10-10 18:04:28","11":"2025-10-10 18:04:28","full_name":"Смирнова Анна Дмитриевна","12":"Смирнова Анна Дмитриевна"}]}
[2025-10-19 11:27:13] [DEBUG] Recent verifications result {"count":5,"data":[{"id":"1","0":"1","courier_id":"COURIER_001","1":"COURIER_001","worked_hours":"120.50","2":"120.50","orders_count":"85","3":"85","hours_own_bike":"80.00","4":"80.00","hours_electric_bike":"25.50","5":"25.50","hours_yandex_bike":"15.00","6":"15.00","total_amount":"45250.00","7":"45250.00","record_date":"2024-01-15","8":"2024-01-15","period_from":"2024-01-01","9":"2024-01-01","period_to":"2024-01-14","10":"2024-01-14","created_at":"2025-10-10 18:04:28","11":"2025-10-10 18:04:28","full_name":"Иванов Алексей Сергеевич","12":"Иванов Алексей Сергеевич"},{"id":"2","0":"2","courier_id":"COURIER_002","1":"COURIER_002","worked_hours":"95.00","2":"95.00","orders_count":"67","3":"67","hours_own_bike":"60.00","4":"60.00","hours_electric_bike":"35.00","5":"35.00","hours_yandex_bike":"0.00","6":"0.00","total_amount":"32150.00","7":"32150.00","record_date":"2024-01-15","8":"2024-01-15","period_from":"2024-01-01","9":"2024-01-01","period_to":"2024-01-14","10":"2024-01-14","created_at":"2025-10-10 18:04:28","11":"2025-10-10 18:04:28","full_name":"Смирнова Анна Дмитриевна","12":"Смирнова Анна Дмитриевна"},{"id":"3","0":"3","courier_id":"COURIER_003","1":"COURIER_003","worked_hours":"140.00","2":"140.00","orders_count":"92","3":"92","hours_own_bike":"100.00","4":"100.00","hours_electric_bike":"40.00","5":"40.00","hours_yandex_bike":"0.00","6":"0.00","total_amount":"51800.00","7":"51800.00","record_date":"2024-01-15","8":"2024-01-15","period_from":"2024-01-01","9":"2024-01-01","period_to":"2024-01-14","10":"2024-01-14","created_at":"2025-10-10 18:04:28","11":"2025-10-10 18:04:28","full_name":"Козлов Денис Владимирович","12":"Козлов Денис Владимирович"},{"id":"4","0":"4","courier_id":"COURIER_001","1":"COURIER_001","worked_hours":"115.00","2":"115.00","orders_count":"78","3":"78","hours_own_bike":"75.00","4":"75.00","hours_electric_bike":"30.00","5":"30.00","hours_yandex_bike":"10.00","6":"10.00","total_amount":"43200.00","7":"43200.00","record_date":"2024-01-22","8":"2024-01-22","period_from":"2024-01-15","9":"2024-01-15","period_to":"2024-01-21","10":"2024-01-21","created_at":"2025-10-10 18:04:28","11":"2025-10-10 18:04:28","full_name":"Иванов Алексей Сергеевич","12":"Иванов Алексей Сергеевич"},{"id":"5","0":"5","courier_id":"COURIER_004","1":"COURIER_004","worked_hours":"88.50","2":"88.50","orders_count":"62","3":"62","hours_own_bike":"50.00","4":"50.00","hours_electric_bike":"38.50","5":"38.50","hours_yandex_bike":"0.00","6":"0.00","total_amount":"29800.00","7":"29800.00","record_date":"2024-01-22","8":"2024-01-22","period_from":"2024-01-15","9":"2024-01-15","period_to":"2024-01-21","10":"2024-01-21","created_at":"2025-10-10 18:04:28","11":"2025-10-10 18:04:28","full_name":"Никитина Елена Александровна","12":"Никитина Елена Александровна"}]}
[2025-10-19 11:27:13] [INFO] Admin statistics retrieved successfully {"stats_summary":{"candidates":"5","verifications":5,"earnings":"202200.00"}}
[2025-10-19 11:27:48] [INFO] AdminController initialized 
[2025-10-19 11:27:48] [INFO] Admin pages Tables 
[2025-10-19 11:27:48] [INFO] Getting admin statistics 
[2025-10-19 11:27:48] [DEBUG] Fetching candidate statistics 
[2025-10-19 11:27:48] [DEBUG] Candidate stats {"total":"5","active":"5"}
[2025-10-19 11:27:48] [DEBUG] Fetching verification statistics 
[2025-10-19 11:27:48] [DEBUG] Fetching recent verifications with names 
[2025-10-19 11:27:48] [DEBUG] Getting recent verifications with names 
[2025-10-19 11:27:48] [DEBUG] SQL query prepared {"sql":"SELECT \r\n                v.*, \r\n                c.full_name\r\n            FROM verification_data v\r\n            LEFT JOIN candidates c ON v.courier_id = c.courier_id\r\n            ORDER BY v.created_at DESC"}
[2025-10-19 11:27:48] [DEBUG] Recent verifications query result {"result_count":5,"result_sample":[{"id":"1","0":"1","courier_id":"COURIER_001","1":"COURIER_001","worked_hours":"120.50","2":"120.50","orders_count":"85","3":"85","hours_own_bike":"80.00","4":"80.00","hours_electric_bike":"25.50","5":"25.50","hours_yandex_bike":"15.00","6":"15.00","total_amount":"45250.00","7":"45250.00","record_date":"2024-01-15","8":"2024-01-15","period_from":"2024-01-01","9":"2024-01-01","period_to":"2024-01-14","10":"2024-01-14","created_at":"2025-10-10 18:04:28","11":"2025-10-10 18:04:28","full_name":"Иванов Алексей Сергеевич","12":"Иванов Алексей Сергеевич"},{"id":"2","0":"2","courier_id":"COURIER_002","1":"COURIER_002","worked_hours":"95.00","2":"95.00","orders_count":"67","3":"67","hours_own_bike":"60.00","4":"60.00","hours_electric_bike":"35.00","5":"35.00","hours_yandex_bike":"0.00","6":"0.00","total_amount":"32150.00","7":"32150.00","record_date":"2024-01-15","8":"2024-01-15","period_from":"2024-01-01","9":"2024-01-01","period_to":"2024-01-14","10":"2024-01-14","created_at":"2025-10-10 18:04:28","11":"2025-10-10 18:04:28","full_name":"Смирнова Анна Дмитриевна","12":"Смирнова Анна Дмитриевна"}]}
[2025-10-19 11:27:48] [DEBUG] Recent verifications result {"count":5,"data":[{"id":"1","0":"1","courier_id":"COURIER_001","1":"COURIER_001","worked_hours":"120.50","2":"120.50","orders_count":"85","3":"85","hours_own_bike":"80.00","4":"80.00","hours_electric_bike":"25.50","5":"25.50","hours_yandex_bike":"15.00","6":"15.00","total_amount":"45250.00","7":"45250.00","record_date":"2024-01-15","8":"2024-01-15","period_from":"2024-01-01","9":"2024-01-01","period_to":"2024-01-14","10":"2024-01-14","created_at":"2025-10-10 18:04:28","11":"2025-10-10 18:04:28","full_name":"Иванов Алексей Сергеевич","12":"Иванов Алексей Сергеевич"},{"id":"2","0":"2","courier_id":"COURIER_002","1":"COURIER_002","worked_hours":"95.00","2":"95.00","orders_count":"67","3":"67","hours_own_bike":"60.00","4":"60.00","hours_electric_bike":"35.00","5":"35.00","hours_yandex_bike":"0.00","6":"0.00","total_amount":"32150.00","7":"32150.00","record_date":"2024-01-15","8":"2024-01-15","period_from":"2024-01-01","9":"2024-01-01","period_to":"2024-01-14","10":"2024-01-14","created_at":"2025-10-10 18:04:28","11":"2025-10-10 18:04:28","full_name":"Смирнова Анна Дмитриевна","12":"Смирнова Анна Дмитриевна"},{"id":"3","0":"3","courier_id":"COURIER_003","1":"COURIER_003","worked_hours":"140.00","2":"140.00","orders_count":"92","3":"92","hours_own_bike":"100.00","4":"100.00","hours_electric_bike":"40.00","5":"40.00","hours_yandex_bike":"0.00","6":"0.00","total_amount":"51800.00","7":"51800.00","record_date":"2024-01-15","8":"2024-01-15","period_from":"2024-01-01","9":"2024-01-01","period_to":"2024-01-14","10":"2024-01-14","created_at":"2025-10-10 18:04:28","11":"2025-10-10 18:04:28","full_name":"Козлов Денис Владимирович","12":"Козлов Денис Владимирович"},{"id":"4","0":"4","courier_id":"COURIER_001","1":"COURIER_001","worked_hours":"115.00","2":"115.00","orders_count":"78","3":"78","hours_own_bike":"75.00","4":"75.00","hours_electric_bike":"30.00","5":"30.00","hours_yandex_bike":"10.00","6":"10.00","total_amount":"43200.00","7":"43200.00","record_date":"2024-01-22","8":"2024-01-22","period_from":"2024-01-15","9":"2024-01-15","period_to":"2024-01-21","10":"2024-01-21","created_at":"2025-10-10 18:04:28","11":"2025-10-10 18:04:28","full_name":"Иванов Алексей Сергеевич","12":"Иванов Алексей Сергеевич"},{"id":"5","0":"5","courier_id":"COURIER_004","1":"COURIER_004","worked_hours":"88.50","2":"88.50","orders_count":"62","3":"62","hours_own_bike":"50.00","4":"50.00","hours_electric_bike":"38.50","5":"38.50","hours_yandex_bike":"0.00","6":"0.00","total_amount":"29800.00","7":"29800.00","record_date":"2024-01-22","8":"2024-01-22","period_from":"2024-01-15","9":"2024-01-15","period_to":"2024-01-21","10":"2024-01-21","created_at":"2025-10-10 18:04:28","11":"2025-10-10 18:04:28","full_name":"Никитина Елена Александровна","12":"Никитина Елена Александровна"}]}
[2025-10-19 11:27:48] [INFO] Admin statistics retrieved successfully {"stats_summary":{"candidates":"5","verifications":5,"earnings":"202200.00"}}
[2025-10-19 11:28:04] [INFO] AdminController initialized 
[2025-10-19 11:28:04] [INFO] Admin pages Tables 
[2025-10-19 11:28:04] [INFO] Getting admin statistics 
[2025-10-19 11:28:04] [DEBUG] Fetching candidate statistics 
[2025-10-19 11:28:04] [DEBUG] Candidate stats {"total":"5","active":"5"}
[2025-10-19 11:28:04] [DEBUG] Fetching verification statistics 
[2025-10-19 11:28:04] [DEBUG] Fetching recent verifications with names 
[2025-10-19 11:28:04] [DEBUG] Getting recent verifications with names 
[2025-10-19 11:28:04] [DEBUG] SQL query prepared {"sql":"SELECT \r\n                v.*, \r\n                c.full_name\r\n            FROM verification_data v\r\n            LEFT JOIN candidates c ON v.courier_id = c.courier_id\r\n            ORDER BY v.created_at DESC"}
[2025-10-19 11:28:04] [DEBUG] Recent verifications query result {"result_count":5,"result_sample":[{"id":"1","0":"1","courier_id":"COURIER_001","1":"COURIER_001","worked_hours":"120.50","2":"120.50","orders_count":"85","3":"85","hours_own_bike":"80.00","4":"80.00","hours_electric_bike":"25.50","5":"25.50","hours_yandex_bike":"15.00","6":"15.00","total_amount":"45250.00","7":"45250.00","record_date":"2024-01-15","8":"2024-01-15","period_from":"2024-01-01","9":"2024-01-01","period_to":"2024-01-14","10":"2024-01-14","created_at":"2025-10-10 18:04:28","11":"2025-10-10 18:04:28","full_name":"Иванов Алексей Сергеевич","12":"Иванов Алексей Сергеевич"},{"id":"2","0":"2","courier_id":"COURIER_002","1":"COURIER_002","worked_hours":"95.00","2":"95.00","orders_count":"67","3":"67","hours_own_bike":"60.00","4":"60.00","hours_electric_bike":"35.00","5":"35.00","hours_yandex_bike":"0.00","6":"0.00","total_amount":"32150.00","7":"32150.00","record_date":"2024-01-15","8":"2024-01-15","period_from":"2024-01-01","9":"2024-01-01","period_to":"2024-01-14","10":"2024-01-14","created_at":"2025-10-10 18:04:28","11":"2025-10-10 18:04:28","full_name":"Смирнова Анна Дмитриевна","12":"Смирнова Анна Дмитриевна"}]}
[2025-10-19 11:28:04] [DEBUG] Recent verifications result {"count":5,"data":[{"id":"1","0":"1","courier_id":"COURIER_001","1":"COURIER_001","worked_hours":"120.50","2":"120.50","orders_count":"85","3":"85","hours_own_bike":"80.00","4":"80.00","hours_electric_bike":"25.50","5":"25.50","hours_yandex_bike":"15.00","6":"15.00","total_amount":"45250.00","7":"45250.00","record_date":"2024-01-15","8":"2024-01-15","period_from":"2024-01-01","9":"2024-01-01","period_to":"2024-01-14","10":"2024-01-14","created_at":"2025-10-10 18:04:28","11":"2025-10-10 18:04:28","full_name":"Иванов Алексей Сергеевич","12":"Иванов Алексей Сергеевич"},{"id":"2","0":"2","courier_id":"COURIER_002","1":"COURIER_002","worked_hours":"95.00","2":"95.00","orders_count":"67","3":"67","hours_own_bike":"60.00","4":"60.00","hours_electric_bike":"35.00","5":"35.00","hours_yandex_bike":"0.00","6":"0.00","total_amount":"32150.00","7":"32150.00","record_date":"2024-01-15","8":"2024-01-15","period_from":"2024-01-01","9":"2024-01-01","period_to":"2024-01-14","10":"2024-01-14","created_at":"2025-10-10 18:04:28","11":"2025-10-10 18:04:28","full_name":"Смирнова Анна Дмитриевна","12":"Смирнова Анна Дмитриевна"},{"id":"3","0":"3","courier_id":"COURIER_003","1":"COURIER_003","worked_hours":"140.00","2":"140.00","orders_count":"92","3":"92","hours_own_bike":"100.00","4":"100.00","hours_electric_bike":"40.00","5":"40.00","hours_yandex_bike":"0.00","6":"0.00","total_amount":"51800.00","7":"51800.00","record_date":"2024-01-15","8":"2024-01-15","period_from":"2024-01-01","9":"2024-01-01","period_to":"2024-01-14","10":"2024-01-14","created_at":"2025-10-10 18:04:28","11":"2025-10-10 18:04:28","full_name":"Козлов Денис Владимирович","12":"Козлов Денис Владимирович"},{"id":"4","0":"4","courier_id":"COURIER_001","1":"COURIER_001","worked_hours":"115.00","2":"115.00","orders_count":"78","3":"78","hours_own_bike":"75.00","4":"75.00","hours_electric_bike":"30.00","5":"30.00","hours_yandex_bike":"10.00","6":"10.00","total_amount":"43200.00","7":"43200.00","record_date":"2024-01-22","8":"2024-01-22","period_from":"2024-01-15","9":"2024-01-15","period_to":"2024-01-21","10":"2024-01-21","created_at":"2025-10-10 18:04:28","11":"2025-10-10 18:04:28","full_name":"Иванов Алексей Сергеевич","12":"Иванов Алексей Сергеевич"},{"id":"5","0":"5","courier_id":"COURIER_004","1":"COURIER_004","worked_hours":"88.50","2":"88.50","orders_count":"62","3":"62","hours_own_bike":"50.00","4":"50.00","hours_electric_bike":"38.50","5":"38.50","hours_yandex_bike":"0.00","6":"0.00","total_amount":"29800.00","7":"29800.00","record_date":"2024-01-22","8":"2024-01-22","period_from":"2024-01-15","9":"2024-01-15","period_to":"2024-01-21","10":"2024-01-21","created_at":"2025-10-10 18:04:28","11":"2025-10-10 18:04:28","full_name":"Никитина Елена Александровна","12":"Никитина Елена Александровна"}]}
[2025-10-19 11:28:04] [INFO] Admin statistics retrieved successfully {"stats_summary":{"candidates":"5","verifications":5,"earnings":"202200.00"}}
[2025-10-19 11:28:51] [INFO] AdminController initialized 
[2025-10-19 11:28:51] [INFO] Admin pages Tables 
[2025-10-19 11:28:51] [INFO] Getting admin statistics 
[2025-10-19 11:28:51] [DEBUG] Fetching candidate statistics 
[2025-10-19 11:28:51] [DEBUG] Candidate stats {"total":"5","active":"5"}
[2025-10-19 11:28:51] [DEBUG] Fetching verification statistics 
[2025-10-19 11:28:51] [DEBUG] Fetching recent verifications with names 
[2025-10-19 11:28:51] [DEBUG] Getting recent verifications with names 
[2025-10-19 11:28:51] [DEBUG] SQL query prepared {"sql":"SELECT \r\n                v.*, \r\n                c.full_name\r\n            FROM verification_data v\r\n            LEFT JOIN candidates c ON v.courier_id = c.courier_id\r\n            ORDER BY v.created_at DESC"}
[2025-10-19 11:28:51] [DEBUG] Recent verifications query result {"result_count":5,"result_sample":[{"id":"1","0":"1","courier_id":"COURIER_001","1":"COURIER_001","worked_hours":"120.50","2":"120.50","orders_count":"85","3":"85","hours_own_bike":"80.00","4":"80.00","hours_electric_bike":"25.50","5":"25.50","hours_yandex_bike":"15.00","6":"15.00","total_amount":"45250.00","7":"45250.00","record_date":"2024-01-15","8":"2024-01-15","period_from":"2024-01-01","9":"2024-01-01","period_to":"2024-01-14","10":"2024-01-14","created_at":"2025-10-10 18:04:28","11":"2025-10-10 18:04:28","full_name":"Иванов Алексей Сергеевич","12":"Иванов Алексей Сергеевич"},{"id":"2","0":"2","courier_id":"COURIER_002","1":"COURIER_002","worked_hours":"95.00","2":"95.00","orders_count":"67","3":"67","hours_own_bike":"60.00","4":"60.00","hours_electric_bike":"35.00","5":"35.00","hours_yandex_bike":"0.00","6":"0.00","total_amount":"32150.00","7":"32150.00","record_date":"2024-01-15","8":"2024-01-15","period_from":"2024-01-01","9":"2024-01-01","period_to":"2024-01-14","10":"2024-01-14","created_at":"2025-10-10 18:04:28","11":"2025-10-10 18:04:28","full_name":"Смирнова Анна Дмитриевна","12":"Смирнова Анна Дмитриевна"}]}
[2025-10-19 11:28:51] [DEBUG] Recent verifications result {"count":5,"data":[{"id":"1","0":"1","courier_id":"COURIER_001","1":"COURIER_001","worked_hours":"120.50","2":"120.50","orders_count":"85","3":"85","hours_own_bike":"80.00","4":"80.00","hours_electric_bike":"25.50","5":"25.50","hours_yandex_bike":"15.00","6":"15.00","total_amount":"45250.00","7":"45250.00","record_date":"2024-01-15","8":"2024-01-15","period_from":"2024-01-01","9":"2024-01-01","period_to":"2024-01-14","10":"2024-01-14","created_at":"2025-10-10 18:04:28","11":"2025-10-10 18:04:28","full_name":"Иванов Алексей Сергеевич","12":"Иванов Алексей Сергеевич"},{"id":"2","0":"2","courier_id":"COURIER_002","1":"COURIER_002","worked_hours":"95.00","2":"95.00","orders_count":"67","3":"67","hours_own_bike":"60.00","4":"60.00","hours_electric_bike":"35.00","5":"35.00","hours_yandex_bike":"0.00","6":"0.00","total_amount":"32150.00","7":"32150.00","record_date":"2024-01-15","8":"2024-01-15","period_from":"2024-01-01","9":"2024-01-01","period_to":"2024-01-14","10":"2024-01-14","created_at":"2025-10-10 18:04:28","11":"2025-10-10 18:04:28","full_name":"Смирнова Анна Дмитриевна","12":"Смирнова Анна Дмитриевна"},{"id":"3","0":"3","courier_id":"COURIER_003","1":"COURIER_003","worked_hours":"140.00","2":"140.00","orders_count":"92","3":"92","hours_own_bike":"100.00","4":"100.00","hours_electric_bike":"40.00","5":"40.00","hours_yandex_bike":"0.00","6":"0.00","total_amount":"51800.00","7":"51800.00","record_date":"2024-01-15","8":"2024-01-15","period_from":"2024-01-01","9":"2024-01-01","period_to":"2024-01-14","10":"2024-01-14","created_at":"2025-10-10 18:04:28","11":"2025-10-10 18:04:28","full_name":"Козлов Денис Владимирович","12":"Козлов Денис Владимирович"},{"id":"4","0":"4","courier_id":"COURIER_001","1":"COURIER_001","worked_hours":"115.00","2":"115.00","orders_count":"78","3":"78","hours_own_bike":"75.00","4":"75.00","hours_electric_bike":"30.00","5":"30.00","hours_yandex_bike":"10.00","6":"10.00","total_amount":"43200.00","7":"43200.00","record_date":"2024-01-22","8":"2024-01-22","period_from":"2024-01-15","9":"2024-01-15","period_to":"2024-01-21","10":"2024-01-21","created_at":"2025-10-10 18:04:28","11":"2025-10-10 18:04:28","full_name":"Иванов Алексей Сергеевич","12":"Иванов Алексей Сергеевич"},{"id":"5","0":"5","courier_id":"COURIER_004","1":"COURIER_004","worked_hours":"88.50","2":"88.50","orders_count":"62","3":"62","hours_own_bike":"50.00","4":"50.00","hours_electric_bike":"38.50","5":"38.50","hours_yandex_bike":"0.00","6":"0.00","total_amount":"29800.00","7":"29800.00","record_date":"2024-01-22","8":"2024-01-22","period_from":"2024-01-15","9":"2024-01-15","period_to":"2024-01-21","10":"2024-01-21","created_at":"2025-10-10 18:04:28","11":"2025-10-10 18:04:28","full_name":"Никитина Елена Александровна","12":"Никитина Елена Александровна"}]}
[2025-10-19 11:28:51] [INFO] Admin statistics retrieved successfully {"stats_summary":{"candidates":"5","verifications":5,"earnings":"202200.00"}}
[2025-10-19 11:32:41] [INFO] Admin candidates page accessed 
[2025-10-19 11:32:42] [INFO] AdminController initialized 
[2025-10-19 11:32:42] [INFO] Admin dashboard accessed 
[2025-10-19 11:32:42] [INFO] Getting admin statistics 
[2025-10-19 11:32:42] [DEBUG] Fetching candidate statistics 
[2025-10-19 11:32:42] [DEBUG] Candidate stats {"total":"5","active":"5"}
[2025-10-19 11:32:42] [DEBUG] Fetching verification statistics 
[2025-10-19 11:32:42] [DEBUG] Fetching recent verifications with names 
[2025-10-19 11:32:42] [DEBUG] Getting recent verifications with names 
[2025-10-19 11:32:42] [DEBUG] SQL query prepared {"sql":"SELECT \r\n                v.*, \r\n                c.full_name\r\n            FROM verification_data v\r\n            LEFT JOIN candidates c ON v.courier_id = c.courier_id\r\n            ORDER BY v.created_at DESC"}
[2025-10-19 11:32:42] [DEBUG] Recent verifications query result {"result_count":5,"result_sample":[{"id":"1","0":"1","courier_id":"COURIER_001","1":"COURIER_001","worked_hours":"120.50","2":"120.50","orders_count":"85","3":"85","hours_own_bike":"80.00","4":"80.00","hours_electric_bike":"25.50","5":"25.50","hours_yandex_bike":"15.00","6":"15.00","total_amount":"45250.00","7":"45250.00","record_date":"2024-01-15","8":"2024-01-15","period_from":"2024-01-01","9":"2024-01-01","period_to":"2024-01-14","10":"2024-01-14","created_at":"2025-10-10 18:04:28","11":"2025-10-10 18:04:28","full_name":"Иванов Алексей Сергеевич","12":"Иванов Алексей Сергеевич"},{"id":"2","0":"2","courier_id":"COURIER_002","1":"COURIER_002","worked_hours":"95.00","2":"95.00","orders_count":"67","3":"67","hours_own_bike":"60.00","4":"60.00","hours_electric_bike":"35.00","5":"35.00","hours_yandex_bike":"0.00","6":"0.00","total_amount":"32150.00","7":"32150.00","record_date":"2024-01-15","8":"2024-01-15","period_from":"2024-01-01","9":"2024-01-01","period_to":"2024-01-14","10":"2024-01-14","created_at":"2025-10-10 18:04:28","11":"2025-10-10 18:04:28","full_name":"Смирнова Анна Дмитриевна","12":"Смирнова Анна Дмитриевна"}]}
[2025-10-19 11:32:42] [DEBUG] Recent verifications result {"count":5,"data":[{"id":"1","0":"1","courier_id":"COURIER_001","1":"COURIER_001","worked_hours":"120.50","2":"120.50","orders_count":"85","3":"85","hours_own_bike":"80.00","4":"80.00","hours_electric_bike":"25.50","5":"25.50","hours_yandex_bike":"15.00","6":"15.00","total_amount":"45250.00","7":"45250.00","record_date":"2024-01-15","8":"2024-01-15","period_from":"2024-01-01","9":"2024-01-01","period_to":"2024-01-14","10":"2024-01-14","created_at":"2025-10-10 18:04:28","11":"2025-10-10 18:04:28","full_name":"Иванов Алексей Сергеевич","12":"Иванов Алексей Сергеевич"},{"id":"2","0":"2","courier_id":"COURIER_002","1":"COURIER_002","worked_hours":"95.00","2":"95.00","orders_count":"67","3":"67","hours_own_bike":"60.00","4":"60.00","hours_electric_bike":"35.00","5":"35.00","hours_yandex_bike":"0.00","6":"0.00","total_amount":"32150.00","7":"32150.00","record_date":"2024-01-15","8":"2024-01-15","period_from":"2024-01-01","9":"2024-01-01","period_to":"2024-01-14","10":"2024-01-14","created_at":"2025-10-10 18:04:28","11":"2025-10-10 18:04:28","full_name":"Смирнова Анна Дмитриевна","12":"Смирнова Анна Дмитриевна"},{"id":"3","0":"3","courier_id":"COURIER_003","1":"COURIER_003","worked_hours":"140.00","2":"140.00","orders_count":"92","3":"92","hours_own_bike":"100.00","4":"100.00","hours_electric_bike":"40.00","5":"40.00","hours_yandex_bike":"0.00","6":"0.00","total_amount":"51800.00","7":"51800.00","record_date":"2024-01-15","8":"2024-01-15","period_from":"2024-01-01","9":"2024-01-01","period_to":"2024-01-14","10":"2024-01-14","created_at":"2025-10-10 18:04:28","11":"2025-10-10 18:04:28","full_name":"Козлов Денис Владимирович","12":"Козлов Денис Владимирович"},{"id":"4","0":"4","courier_id":"COURIER_001","1":"COURIER_001","worked_hours":"115.00","2":"115.00","orders_count":"78","3":"78","hours_own_bike":"75.00","4":"75.00","hours_electric_bike":"30.00","5":"30.00","hours_yandex_bike":"10.00","6":"10.00","total_amount":"43200.00","7":"43200.00","record_date":"2024-01-22","8":"2024-01-22","period_from":"2024-01-15","9":"2024-01-15","period_to":"2024-01-21","10":"2024-01-21","created_at":"2025-10-10 18:04:28","11":"2025-10-10 18:04:28","full_name":"Иванов Алексей Сергеевич","12":"Иванов Алексей Сергеевич"},{"id":"5","0":"5","courier_id":"COURIER_004","1":"COURIER_004","worked_hours":"88.50","2":"88.50","orders_count":"62","3":"62","hours_own_bike":"50.00","4":"50.00","hours_electric_bike":"38.50","5":"38.50","hours_yandex_bike":"0.00","6":"0.00","total_amount":"29800.00","7":"29800.00","record_date":"2024-01-22","8":"2024-01-22","period_from":"2024-01-15","9":"2024-01-15","period_to":"2024-01-21","10":"2024-01-21","created_at":"2025-10-10 18:04:28","11":"2025-10-10 18:04:28","full_name":"Никитина Елена Александровна","12":"Никитина Елена Александровна"}]}
[2025-10-19 11:32:42] [INFO] Admin statistics retrieved successfully {"stats_summary":{"candidates":"5","verifications":5,"earnings":"202200.00"}}
